coral id,sampler,sample no.,distance (mm),d15n vs air,d13c vs vpdb,treatment,%n,%c,c:n,machine
jack-4907-bc1-d3,john,1,0.032,9.43,-15.24,a,,,2.30,deltaplus xp
jack-4907-bc1-d3,john,2,0.064,9.78,-15.38,a,,,,
jack-4907-bc1-d3,john,3,0.096,9.41,-15.14,a,,,2.70,deltaplus xp
jack-4907-bc1-d3,john,4,0.128,8.47,-15.33,a,,,2.50,deltaplus xp
jack-4907-bc1-d3,john,5,0.16,8.61,-15.09,a,,,2.50,deltaplus xp
jack-4907-bc1-d3,john,6,0.192,8.84,-15.21,a,,,2.50,deltaplus xp
jack-4907-bc1-d3,john,7,0.224,8.8,-15.35,a,,,2.50,deltaplus xp
jack-4907-bc1-d3,john,8,0.256,9.51,-14.99,a,,,2.50,deltaplus xp
jack-4907-bc1-d3,john,9,0.288,9.77,-14.91,a,,,2.50,deltaplus xp
jack-4907-bc1-d3,john,10,0.32,10.13,-14.98,a,,,2.40,deltaplus xp
jack-4907-bc1-d3,john,11,0.352,9.69,-15.9,a,,,,
jack-4907-bc1-d3,john,12,0.384,8.96,-16.83,a,,,,
jack-4907-bc1-d3,john,13,0.416,8.48,-15.34,a,,,2.40,deltaplus xp
jack-4907-bc1-d3,john,14,0.448,8.22,-15.05,a,,,2.50,deltaplus xp
jack-4907-bc1-d3,john,15,0.48,7.73,-15.41,a,,,2.40,deltaplus xp
jack-4907-bc1-d3,john,16,0.512,8.57,-15.41,a,,,2.50,deltaplus xp
jack-4907-bc1-d3,john,17,0.544,8.54,-15.28,a,,,2.50,deltaplus xp
jack-4907-bc1-d3,john,18,0.576,8.73,-15.44,a,,,2.40,deltaplus xp
jack-4907-bc1-d3,john,19,0.608,8.37,-15.37,a,,,2.50,deltaplus xp
jack-4907-bc1-d3,john,20,0.64,7.92,-15.58,a,,,2.50,deltaplus xp
jack-4907-bc1-d3,john,21,0.672,7.7,-15.26,a,,,2.50,deltaplus xp
jack-4907-bc1-d3,john,22,0.704,9.62,-14.72,a,,,3.30,deltaplus xp
jack-4907-bc1-d3,john,23,0.736,8.4,-16.04,a,,,2.50,deltaplus xp
jack-4907-bc1-d3,john,24,0.768,8.94,-15.41,a,,,2.40,deltaplus xp
jack-4907-bc1-d3,john,25,0.8,9.07,-15.14,a,,,2.40,deltaplus xp
jack-4907-bc1-d3,john,26,0.832,8.81,-15.04,a,,,2.60,deltaplus xp
jack-4907-bc1-d3,john,27,0.864,8.66,-15.41,a,,,,
jack-4907-bc1-d3,john,28,0.896,8.38,-15.32,a,,,,
jack-4907-bc1-d3,john,29,0.928,9.03,-14.92,a,,,2.60,deltaplus xp
jack-4907-bc1-d3,john,30,0.96,8.4,-14.79,a,,,2.50,deltaplus xp
jack-4907-bc1-d3,john,31,0.992,8.31,-15.42,a,,,2.50,deltaplus xp
jack-4907-bc1-d3,john,32,1.024,7.91,-15.78,a,,,2.50,deltaplus xp
jack-4907-bc1-d3,john,33,1.056,7.92,-15.72,a,,,2.50,deltaplus xp
jack-4907-bc1-d3,john,34,1.088,7.82,-15.86,a,,,2.50,deltaplus xp
jack-4907-bc1-d3,john,35,1.12,7.83,-15.53,a,,,2.50,deltaplus xp
jack-4907-bc1-d3,john,36,1.152,7.69,-15.51,a,,,2.50,deltaplus xp
jack-4907-bc1-d3,john,37,1.184,7.8,-15.73,a,,,2.60,deltaplus xp
jack-4907-bc1-d3,john,38,1.216,8.12,-15.59,a,,,2.50,deltaplus xp
jack-4907-bc1-d3,john,39,1.248,7.58,-15.61,a,,,2.50,deltaplus xp
jack-4907-bc1-d3,john,40,1.28,7.9,-15.31,a,,,2.50,deltaplus xp
jack-4907-bc1-d3,john,41,1.312,8.84,-14.95,a,,,,
jack-4907-bc1-d3,john,42,1.344,8.71,-14.95,a,,,2.50,deltaplus xp
jack-4907-bc1-d3,john,43,1.376,7.65,-15.86,a,,,2.60,deltaplus xp
jack-4907-bc1-d3,john,44,1.408,7.89,-15.82,a,,,2.50,deltaplus xp
jack-4907-bc1-d3,john,45,1.44,7.95,-15.37,a,,,2.60,deltaplus xp
jack-4907-bc1-d3,john,46,1.472,8.32,-16.45,a,,,2.60,deltaplus xp
jack-4907-bc1-d3,john,47,1.504,7.7,-15.32,a,,,2.50,deltaplus xp
jack-4907-bc1-d3,john,48,1.536,7.76,-15.65,a,,,2.60,deltaplus xp
jack-4907-bc1-d3,john,49,1.568,8.14,-15.57,a,,,2.40,deltaplus xp
jack-4907-bc1-d3,john,50,1.6,9,-15.4,a,,,2.50,deltaplus xp
jack-4907-bc1-d3,john,51,1.632,9.06,-15.48,a,,,2.60,deltaplus xp
jack-4907-bc1-d3,john,52,1.664,8.4,-15.83,a,,,2.50,deltaplus xp
jack-4907-bc1-d3,john,53,1.696,9.02,-15.4,a,,,2.40,deltaplus xp
jack-4907-bc1-d3,john,54,1.728,8.62,-16.21,a,,,2.50,deltaplus xp
jack-4907-bc1-d3,john,55,1.76,8.97,-15.73,a,,,2.50,deltaplus xp
jack-4907-bc1-d3,john,56,1.792,8.95,-15.56,a,,,2.40,deltaplus xp
jack-4907-bc1-d3,john,57,1.824,8.25,-15.7,a,,,2.40,deltaplus xp
jack-4907-bc1-d3,john,58,1.856,7.83,-15.51,a,,,2.30,deltaplus xp
jack-4907-bc1-d3,john,59,1.888,7.64,-16.45,a,,,2.50,deltaplus xp
jack-4907-bc1-d3,john,60,1.92,8.59,-15.45,a,,,2.50,deltaplus xp
jack-4907-bc1-d3,john,61,1.952,8.48,-15.9,a,,,2.50,deltaplus xp
jack-4907-bc1-d3,john,62,1.984,8.77,-15.37,a,,,2.60,deltaplus xp
jack-4907-bc1-d3,john,63,2.016,8.46,-15.47,a,,,2.60,deltaplus xp
jack-4907-bc1-d3,john,64,2.048,8.89,-15.19,a,,,2.60,deltaplus xp
jack-4907-bc1-d3,john,65,2.08,8.02,-15.75,a,,,2.40,deltaplus xp
jack-4907-bc1-d3,john,66,2.112,9.29,-15.17,a,,,2.10,deltaplus xp
jack-4907-bc1-d3,john,67,2.144,9.21,-15.17,a,,,2.20,deltaplus xp
jack-4907-bc1-d3,john,68,2.176,7.41,-14.41,a,,,2.10,deltaplus xp
jack-4907-bc1-d3,john,69,2.208,7.62,-15.05,a,,,2.00,deltaplus xp
jack-4907-bc1-d3,john,70,2.24,7.97,-15.03,a,,,2.20,deltaplus xp
jack-4907-bc1-d3,john,71,2.272,7.79,-15.56,a,,,2.20,deltaplus xp
jack-4907-bc1-d3,john,72,2.304,8.78,-14.89,a,,,2.20,deltaplus xp
jack-4907-bc1-d3,john,73,2.336,8.63,-14.87,a,,,2.20,deltaplus xp
jack-4907-bc1-d3,john,74,2.368,8.54,-14.77,a,,,2.20,deltaplus xp
jack-4907-bc1-d3,john,75,2.4,7.99,-14.81,a,,,2.30,deltaplus xp
jack-4907-bc1-d3,john,76,2.432,7.83,-15.19,a,,,2.20,deltaplus xp
jack-4907-bc1-d3,john,77,2.464,8.71,-15,a,,,2.30,deltaplus xp
jack-4907-bc1-d3,john,78,2.496,8.8,-14.8,a,,,2.40,deltaplus xp
jack-4907-bc1-d3,john,79,2.528,8.77,-15.48,a,,,2.40,deltaplus xp
jack-4907-bc1-d3,john,80,2.56,9.25,-15.01,a,,,2.30,deltaplus xp
jack-4907-bc1-d3,john,81,2.592,8.43,-15.01,a,,,2.20,deltaplus xp
jack-4907-bc1-d3,john,82,2.624,8.79,-15.44,a,,,2.20,deltaplus xp
jack-4907-bc1-d3,john,83,2.656,9.41,-15.21,a,,,2.10,deltaplus xp
jack-4907-bc1-d3,john,84,2.688,9.56,-15.17,a,,,2.30,deltaplus xp
jack-4907-bc1-d3,john,85,2.72,7.64,-15.27,a,,,2.30,deltaplus xp
jack-4907-bc1-d3,john,86,2.752,9.03,-15.42,a,,,2.20,deltaplus xp
jack-4907-bc1-d3,john,87,2.784,9.44,-15.15,a,,,2.00,deltaplus xp
jack-4907-bc1-d3,john,88,2.816,7.68,-15.2,a,,,2.00,deltaplus xp
jack-4907-bc1-d3,john,89,2.848,8.28,-15.3,a,,,2.40,deltaplus xp
jack-4907-bc1-d3,john,90,2.88,7.87,-15.43,a,,,2.20,deltaplus xp
jack-4907-bc1-d3,john,91,2.912,8.46,-15.18,a,,,2.30,deltaplus xp
jack-4907-bc1-d3,john,92,2.944,8.17,-14.82,a,,,2.10,deltaplus xp
jack-4907-bc1-d3,john,93,2.976,8.49,-15.05,a,,,2.10,deltaplus xp
jack-4907-bc1-d3,john,94,3.008,8.52,-15.22,a,,,2.30,deltaplus xp
jack-4907-bc1-d3,john,95,3.04,8.33,-15.25,a,,,2.20,deltaplus xp
jack-4907-bc1-d3,john,96,3.072,8.98,-15.08,a,,,2.60,deltaplus xp
jack-4907-bc1-d3,john,97,3.104,8.02,-15.51,a,,,2.60,deltaplus xp
jack-4907-bc1-d3,john,98,3.136,7.88,-15.28,a,,,2.60,deltaplus xp
jack-4907-bc1-d3,john,99,3.168,7.97,-15.63,a,,,2.50,deltaplus xp
jack-4907-bc1-d3,john,100,3.2,8.14,-15.27,a,,,2.50,deltaplus xp
jack-4907-bc1-d3,john,101,3.232,8.21,-15.09,a,,,2.50,deltaplus xp
jack-4907-bc1-d3,john,102,3.264,8.23,-15.04,a,,,2.60,deltaplus xp
jack-4907-bc1-d3,john,103,3.296,8.49,-14.99,a,,,2.50,deltaplus xp
jack-4907-bc1-d3,john,104,3.328,8.69,-15.35,a,,,2.50,deltaplus xp
jack-4907-bc1-d3,john,105,3.36,8.83,-14.71,a,,,2.60,deltaplus xp
jack-4907-bc1-d3,john,106,3.392,8.77,-15.02,a,,,2.50,deltaplus xp
jack-4907-bc1-d3,john,107,3.424,8.69,-15,a,,,2.60,deltaplus xp
jack-4907-bc1-d3,john,108,3.456,8.8,-15.21,a,,,2.50,deltaplus xp
jack-4907-bc1-d3,john,109,3.488,8.95,-15.11,a,,,2.60,deltaplus xp
jack-4907-bc1-d3,john,110,3.52,8.46,-15.42,a,,,2.50,deltaplus xp
jack-4907-bc1-d3,john,111,3.552,8.48,-15.09,a,,,2.50,deltaplus xp
jack-4907-bc1-d3,john,112,3.584,9.82,-14.71,a,,,2.60,deltaplus xp
jack-4907-bc1-d3,john,113,3.616,8.04,-15.03,a,,,2.40,deltaplus xp
jack-4907-bc1-d3,john,114,3.648,8.62,-15.11,a,,,2.50,deltaplus xp
jack-4907-bc1-d3,john,115,3.68,8.02,-15.5,a,,,2.50,deltaplus xp
jack-4907-bc1-d3,john,116,3.712,8.2,-15.18,a,,,2.50,deltaplus xp
jack-4907-bc1-d3,john,117,3.744,7.64,-15.23,a,,,2.50,deltaplus xp
jack-4907-bc1-d3,john,118,3.776,7.44,-15.97,a,,,2.30,deltaplus xp
jack-4907-bc1-d3,john,119,3.808,8.09,-15.8,a,,,2.60,deltaplus xp
jack-4907-bc1-d3,john,120,3.84,8.26,-15.65,a,,,2.60,deltaplus xp
jack-4907-bc1-d3,john,121,3.872,8.81,-14.79,a,,,2.40,deltaplus xp
jack-4907-bc1-d3,john,122,3.904,8.64,-14.71,a,,,2.50,deltaplus xp
jack-4907-bc1-d3,john,123,3.936,8.78,-14.43,a,,,2.30,deltaplus xp
jack-4907-bc1-d3,john,124,3.968,9.23,-15.08,a,,,2.50,deltaplus xp
jack-4907-bc1-d3,john,125,4,8.97,-14.7,a,,,2.40,deltaplus xp
jack-4907-bc1-d3,john,126,4.032,8.44,-15.22,a,,,2.50,deltaplus xp
jack-4907-bc1-d3,john,127,4.064,8.93,-15.86,a,,,2.70,deltaplus xp
jack-4907-bc1-d3,john,128,4.096,8.43,-16.23,a,,,2.70,deltaplus xp
jack-4907-bc1-d3,john,129,4.128,8.87,-15.88,a,,,2.70,deltaplus xp
jack-4907-bc1-d3,john,130,4.16,8.82,-15.8,a,,,2.70,deltaplus xp
jack-4907-bc1-d3,john,131,4.192,8.78,-15.38,a,,,2.70,deltaplus xp
jack-4907-bc1-d3,john,132,4.224,8.56,-15.36,a,,,2.60,deltaplus xp
jack-4907-bc1-d3,john,133,4.256,9.14,-15.58,a,,,2.70,deltaplus xp
jack-4907-bc1-d3,john,134,4.288,9.14,-15.5,a,,,2.70,deltaplus xp
jack-4907-bc1-d3,john,135,4.32,8.52,-16.18,a,,,5.80,deltaplus xp
jack-4907-bc1-d3,john,136,4.352,8.61,-16.13,a,,,2.60,deltaplus xp
jack-4907-bc1-d3,john,137,4.384,8.55,-15.58,a,,,2.70,deltaplus xp
jack-4907-bc1-d3,john,138,4.416,7.67,-15.68,a,,,2.50,deltaplus xp
jack-4907-bc1-d3,john,139,4.448,8.58,-15.66,a,,,2.60,deltaplus xp
jack-4907-bc1-d3,john,140,4.48,8.58,-16.16,a,,,2.70,deltaplus xp
jack-4907-bc1-d3,john,141,4.512,8.65,-15.37,a,,,2.70,deltaplus xp
jack-4907-bc1-d3,john,142,4.544,8.85,-16.08,a,,,2.60,deltaplus xp
jack-4907-bc1-d3,john,143,4.576,8.62,-16.04,a,,,2.60,deltaplus xp
jack-4907-bc1-d3,john,144,4.608,8.78,-16.03,a,,,2.60,deltaplus xp
jack-4907-bc1-d3,john,145,4.64,9.04,-16.1,a,,,2.60,deltaplus xp
jack-4907-bc1-d3,john,146,4.672,9.64,-15.27,a,,,2.60,deltaplus xp
jack-4907-bc1-d3,john,147,4.704,9.63,-16.16,a,,,5.80,deltaplus xp
jack-4907-bc1-d3,john,148,4.736,9.57,-15.43,a,,,2.60,deltaplus xp
jack-4907-bc1-d3,john,149,4.768,9.35,-16.11,a,,,2.50,deltaplus xp
jack-4907-bc1-d3,john,150,4.8,8.64,-16.4,a,,,2.60,deltaplus xp
jack-4907-bc1-d3,john,151,4.832,9.21,-16.01,a,,,2.60,deltaplus xp
jack-4907-bc1-d3,john,152,4.864,8.4,-15.62,a,,,2.60,deltaplus xp
jack-4907-bc1-d3,john,153,4.896,7.99,-16.09,a,,,2.50,deltaplus xp
jack-4907-bc1-d3,john,154,4.928,8.48,-15.81,a,,,2.50,deltaplus xp
jack-4907-bc1-d3,john,155,4.96,8.37,-15.47,a,,,2.40,deltaplus xp
jack-4907-bc1-d3,john,156,4.992,8.36,-15.79,a,,,2.70,deltaplus xp
jack-4907-bc1-d3,john,157,5.024,8.82,-16,a,,,2.60,deltaplus xp
jack-4907-bc1-d3,john,158,5.056,8.49,-15.96,a,,,2.60,deltaplus xp
jack-4907-bc1-d3,john,159,5.088,8.77,-15.94,a,,,5.80,deltaplus xp
jack-4907-bc1-d3,john,160,5.12,8.42,-15.81,a,,,2.50,deltaplus xp
jack-4907-bc1-d3,john,161,5.152,9.19,-15.27,a,,,2.60,deltaplus xp
jack-4907-bc1-d3,john,162,5.184,8.95,-15.9,a,,,2.60,deltaplus xp
jack-4907-bc1-d3,john,163,5.216,8.06,-16,a,,,2.70,deltaplus xp
jack-4907-bc1-d3,john,164,5.248,8.3,-15.88,a,,,2.50,deltaplus xp
jack-4907-bc1-d3,john,165,5.28,9.11,-15.57,a,,,2.50,deltaplus xp
jack-4907-bc1-d3,john,166,5.312,8.74,-15.41,a,,,2.50,deltaplus xp
jack-4907-bc1-d3,john,167,5.344,8.03,-16.28,a,,,5.80,deltaplus xp
jack-4907-bc1-d3,john,168,5.376,8.1,-15.86,a,,,2.50,deltaplus xp
jack-4907-bc1-d3,john,169,5.408,8.39,-15.57,a,,,2.50,deltaplus xp
jack-4907-bc1-d3,john,170,5.44,9.27,-15.59,a,,,2.50,deltaplus xp
jack-4907-bc1-d3,john,171,5.472,8.22,-16.07,a,,,2.50,deltaplus xp
jack-4907-bc1-d3,john,172,5.504,8.12,-15.16,a,,,2.50,deltaplus xp
jack-4907-bc1-d3,john,173,5.536,9,-15.22,a,,,2.40,deltaplus xp
jack-4907-bc1-d3,john,174,5.568,8.23,-15.54,a,,,2.50,deltaplus xp
jack-4907-bc1-d3,john,175,5.6,8.62,-15.66,a,,,2.50,deltaplus xp
jack-4907-bc1-d3,john,176,5.632,8.81,-14.87,a,,,2.50,deltaplus xp
jack-4907-bc1-d3,john,177,5.664,8.5,-15.47,a,,,2.50,deltaplus xp
jack-4907-bc1-d3,john,178,5.696,7.94,-15.81,a,,,2.50,deltaplus xp
jack-4907-bc1-d3,john,179,5.728,8.18,-15.41,a,,,2.60,deltaplus xp
jack-4907-bc1-d3,john,180,5.76,8.4,-16.32,a,,,2.40,deltaplus xp
jack-4907-bc1-d3,john,181,5.792,8.63,-15.5,a,,,2.40,deltaplus xp
jack-4907-bc1-d3,john,182,5.824,8.62,-15.59,a,,,2.60,deltaplus xp
jack-4907-bc1-d3,john,183,5.856,7.89,-15.94,a,,,2.50,deltaplus xp
jack-4907-bc1-d3,john,184,5.888,7.82,-16.63,a,,,5.80,deltaplus xp
jack-4907-bc1-d3,john,185,5.92,7.78,-16.27,a,,,2.60,deltaplus xp
jack-4907-bc1-d3,john,186,5.952,7.7,-16.21,a,,,5.80,deltaplus xp
jack-4907-bc1-d3,john,187,5.984,8.32,-16.23,a,,,2.60,deltaplus xp
jack-4907-bc1-d3,john,188,6.016,8.12,-15.14,a,,,2.70,deltaplus xp
jack-4907-bc1-d3,john,189,6.048,8.65,-15.25,a,,,2.50,deltaplus xp
jack-4907-bc1-d3,john,190,6.08,8.24,-15.59,a,,,2.60,deltaplus xp
jack-4907-bc1-d3,john,191,6.112,8.05,-15.97,a,,,2.60,deltaplus xp
jack-4907-bc1-d3,john,192,6.144,8.72,-15.43,a,,,2.50,deltaplus xp
jack-4907-bc1-d3,john,193,6.176,9.65,-15.26,a,,,2.00,deltaplus xp
jack-4907-bc1-d3,john,194,6.208,7.94,-15.46,a,,,2.00,deltaplus xp
jack-4907-bc1-d3,john,195,6.24,8,-15.78,a,,,1.90,deltaplus xp
jack-4907-bc1-d3,john,196,6.272,8.13,-15.32,a,,,1.90,deltaplus xp
jack-4907-bc1-d3,john,197,6.304,8.33,-15.31,a,,,1.90,deltaplus xp
jack-4907-bc1-d3,john,198,6.336,7.84,-15.24,a,,,1.90,deltaplus xp
jack-4907-bc1-d3,john,199,6.368,8.44,-15.3,a,,,1.90,deltaplus xp
jack-4907-bc1-d3,john,200,6.4,8.25,-15.23,a,,,1.90,deltaplus xp
jack-4907-bc1-d3,john,201,6.432,8.42,-15.26,a,,,1.90,deltaplus xp
jack-4907-bc1-d3,john,202,6.464,7.97,-15.86,a,,,2.00,deltaplus xp
jack-4907-bc1-d3,john,203,6.496,8.21,-15.69,a,,,1.80,deltaplus xp
jack-4907-bc1-d3,john,204,6.528,8.17,-15.74,a,,,1.80,deltaplus xp
jack-4907-bc1-d3,john,205,6.56,7.96,-15.61,a,,,1.80,deltaplus xp
jack-4907-bc1-d3,john,206,6.592,8.25,-15.02,a,,,1.90,deltaplus xp
jack-4907-bc1-d3,john,207,6.624,9.63,-15.27,a,,,2.60,deltaplus xp
jack-4907-bc1-d3,john,208,6.656,8.44,-15.74,a,,,2.80,deltaplus xp
jack-4907-bc1-d3,john,209,6.688,7.9,-15.96,a,,,2.70,deltaplus xp
jack-4907-bc1-d3,john,210,6.72,8.47,-15.1,a,,,2.50,deltaplus xp
jack-4907-bc1-d3,john,211,6.752,7.92,-15.9,a,,,2.50,deltaplus xp
jack-4907-bc1-d3,john,212,6.784,8.74,-15.09,a,,,2.50,deltaplus xp
jack-4907-bc1-d3,john,213,6.816,8.2,-15.5,a,,,2.50,deltaplus xp
jack-4907-bc1-d3,john,214,6.848,8.18,-15.54,a,,,2.50,deltaplus xp
jack-4907-bc1-d3,john,215,6.88,8.02,-15.67,a,,,2.50,deltaplus xp
jack-4907-bc1-d3,john,216,6.912,7.69,-15.17,a,,,2.60,deltaplus xp
jack-4907-bc1-d3,john,217,6.944,7.77,-14.94,a,,,2.50,deltaplus xp
jack-4907-bc1-d3,john,218,6.976,8.46,-15.69,a,,,2.60,deltaplus xp
jack-4907-bc1-d3,john,219,7.008,9.03,-15.51,a,,,2.70,deltaplus xp
jack-4907-bc1-d3,john,220,7.04,7.87,-15.93,a,,,2.60,deltaplus xp
jack-4907-bc1-d3,john,221,7.072,7.49,-15.57,a,,,2.50,deltaplus xp
jack-4907-bc1-d3,john,222,7.104,7.08,-15.66,a,,,2.50,deltaplus xp
jack-4907-bc1-d3,john,223,7.136,7.93,-15.42,a,,,5.80,deltaplus xp
jack-4907-bc1-d3,john,224,7.168,7.88,-15.21,a,,,2.50,deltaplus xp
jack-4907-bc1-d3,john,225,7.2,7.97,-15.68,a,,,2.50,deltaplus xp
jack-4907-bc1-d3,john,226,7.232,7.5,-15.86,a,,,2.50,deltaplus xp
jack-4907-bc1-d3,john,227,7.264,8.19,-15.21,a,,,2.60,deltaplus xp
jack-4907-bc1-d3,john,228,7.296,7.9,-15.04,a,,,2.50,deltaplus xp
jack-4907-bc1-d3,john,229,7.328,8.07,-15.28,a,,,2.50,deltaplus xp
jack-4907-bc1-d3,john,230,7.36,7.26,-15.54,a,,,2.60,deltaplus xp
jack-4907-bc1-d3,john,231,7.392,6.54,-15.64,a,,,2.60,deltaplus xp
jack-4907-bc1-d3,john,232,7.424,7.86,-14.6,a,,,2.50,deltaplus xp
jack-4907-bc1-d3,john,233,7.456,7.91,-15.06,a,,,2.60,deltaplus xp
jack-4907-bc1-d3,john,234,7.488,8.78,-15.44,a,,,2.50,deltaplus xp
jack-4907-bc1-d3,john,235,7.52,9.85,-14.87,a,,,2.40,deltaplus xp
jack-4907-bc1-d3,john,236,7.552,8.92,-14.68,a,,,2.50,deltaplus xp
jack-4907-bc1-d3,john,237,7.584,8,-15.07,a,,,2.50,deltaplus xp
jack-4907-bc1-d3,john,238,7.616,8.54,-15,a,,,2.60,deltaplus xp
jack-4907-bc1-d3,john,239,7.648,8.07,-15.12,a,,,2.50,deltaplus xp
jack-4907-bc1-d3,john,240,7.68,7.98,-15.12,a,,,2.50,deltaplus xp
jack-4907-bc1-d3,john,241,7.712,7.75,-15.62,a,,,2.50,deltaplus xp
jack-4907-bc1-d3,john,242,7.744,7.51,-15.35,a,,,2.50,deltaplus xp
jack-4907-bc1-d3,john,243,7.776,8.2,-15.38,a,,,2.50,deltaplus xp
jack-4907-bc1-d3,john,244,7.808,8.64,-15.14,a,,,2.50,deltaplus xp
jack-4907-bc1-d3,john,245,7.84,7.6,-15.34,a,,,2.50,deltaplus xp
jack-4907-bc1-d3,john,246,7.872,8.2,-15.15,a,,,2.50,deltaplus xp
jack-4907-bc1-d3,john,247,7.904,7.65,-15.28,a,,,2.50,deltaplus xp
jack-4907-bc1-d3,john,248,7.936,7.34,-15.37,a,,,2.50,deltaplus xp
jack-4907-bc1-d3,john,249,7.968,7.61,-15.56,a,,,,deltaplus xp
jack-4907-bc1-d3,john,250,8,7.96,-15.4,a,,,2.60,deltaplus xp
jack-4907-bc1-d3,john,251,8.032,7.35,-16.5,a,,,2.40,deltaplus xp
jack-4907-bc1-d3,john,252,8.064,7.74,-15.69,a,,,2.60,deltaplus xp
jack-4907-bc1-d3,john,253,8.096,7.78,-15.97,a,,,2.50,deltaplus xp
jack-4907-bc1-d3,john,254,8.128,8.07,-15.97,a,,,2.70,deltaplus xp
jack-4907-bc1-d3,john,255,8.16,7.51,-15.9,a,,,2.50,deltaplus xp
jack-4907-bc1-d3,john,256,8.192,8.18,-15.93,a,,,2.60,deltaplus xp
jack-4907-bc1-d3,john,257,8.224,7.82,-15.52,a,,,2.60,deltaplus xp
jack-4907-bc1-d3,john,258,8.256,8.28,-15.74,a,,,2.60,deltaplus xp
jack-4907-bc1-d3,john,259,8.288,7.71,-15.5,a,,,2.60,deltaplus xp
jack-4907-bc1-d3,john,260,8.32,7.67,-16.3,a,,,2.50,deltaplus xp
jack-4907-bc1-d3,john,261,8.352,8.18,-15.85,a,,,2.50,deltaplus xp
jack-4907-bc1-d3,john,262,8.384,7.53,-16.53,a,,,2.40,deltaplus xp
jack-4907-bc1-d3,john,263,8.416,8.18,-15.48,a,,,2.50,deltaplus xp
jack-4907-bc1-d3,john,264,8.448,8.07,-15.64,a,,,2.50,deltaplus xp
jack-4907-bc1-d3,john,265,8.48,8.09,-15.4,a,,,2.50,deltaplus xp
jack-4907-bc1-d3,john,266,8.512,8.35,-15.36,a,,,2.50,deltaplus xp
jack-4907-bc1-d3,john,267,8.544,7.68,-15.29,a,,,2.50,deltaplus xp
jack-4907-bc1-d3,john,268,8.576,8.23,-15.14,a,,,2.50,deltaplus xp
jack-4907-bc1-d3,john,269,8.608,8.28,-15.64,a,,,2.50,deltaplus xp
jack-4907-bc1-d3,john,270,8.64,7.97,-15.51,a,,,2.60,deltaplus xp
jack-4907-bc1-d3,john,271,8.672,7.89,-15.63,a,,,2.50,deltaplus xp
jack-4907-bc1-d3,john,272,8.704,8.06,-15.1,a,,,2.50,deltaplus xp
jack-4907-bc1-d3,john,273,8.736,7.58,-15.87,a,,,2.50,deltaplus xp
jack-4907-bc1-d3,john,274,8.768,7.7,-16.11,a,,,2.50,deltaplus xp
jack-4907-bc1-d3,john,275,8.8,7.23,-16.07,a,,,2.50,deltaplus xp
jack-4907-bc1-d3,john,276,8.832,7.76,-15.61,a,,,2.60,deltaplus xp
jack-4907-bc1-d3,john,277,8.864,7.45,-15.93,a,,,2.60,deltaplus xp
jack-4907-bc1-d3,john,278,8.896,7.2,-16.25,a,,,,deltaplus xp
jack-4907-bc1-d3,john,279,8.928,7.81,-15.45,a,,,2.50,deltaplus xp
jack-4907-bc1-d3,john,280,8.96,7.79,-15.36,a,,,2.60,deltaplus xp
jack-4907-bc1-d3,john,281,8.992,7.66,-15.09,a,,,2.50,deltaplus xp
jack-4907-bc1-d3,john,282,9.024,7.49,-15.69,a,,,2.60,deltaplus xp
jack-4907-bc1-d3,john,283,9.056,7.57,-16.32,a,,,2.60,deltaplus xp
jack-4907-bc1-d3,john,284,9.088,7.2,-15.47,a,,,2.60,deltaplus xp
jack-4907-bc1-d3,john,285,9.12,8.38,-16,a,,,2.50,deltaplus xp
jack-4907-bc1-d3,john,286,9.152,7.5,-16.57,a,,,2.50,deltaplus xp
jack-4907-bc1-d3,john,287,9.184,7.96,-16.12,a,,,2.60,deltaplus xp
jack-4907-bc1-d3,john,288,9.216,8.07,-15.58,a,,,2.50,deltaplus xp
jack-4907-bc1-d3,john,289,9.248,8.03,-15.14,a,,,2.60,deltaplus xp
jack-4907-bc1-d3,john,290,9.28,7.73,-15.35,a,,,2.50,deltaplus xp
jack-4907-bc1-d3,john,291,9.312,7.42,-15.56,a,,,2.50,deltaplus xp
jack-4907-bc1-d3,john,292,9.344,7.78,-15.79,a,,,2.50,deltaplus xp
jack-4907-bc1-d3,john,293,9.376,8.34,-15.23,a,,,2.50,deltaplus xp
jack-4907-bc1-d3,john,294,9.408,7.09,-15.3,a,,,2.50,deltaplus xp
jack-4907-bc1-d3,john,295,9.44,7.08,-15.23,a,,,2.50,deltaplus xp
jack-4907-bc1-d3,john,296,9.472,6.85,-15.97,a,,,2.50,deltaplus xp
jack-4907-bc1-d3,john,297,9.504,7.63,-15.29,a,,,2.60,deltaplus xp
jack-4907-bc1-d3,john,298,9.536,6.95,-16.05,a,,,2.50,deltaplus xp
jack-4907-bc1-d3,john,299,9.568,7.41,-15.69,a,,,2.40,deltaplus xp
jack-4907-bc1-d3,john,300,9.6,7.67,-15.66,a,,,2.60,deltaplus xp
jack-4907-bc1-d3,john,301,9.632,7.82,-15.99,a,,,2.50,deltaplus xp
jack-4907-bc1-d3,john,302,9.664,8.77,-14.39,a,,,2.50,deltaplus xp
jack-4907-bc1-d3,john,303,9.696,8.11,-15.4,a,,,2.60,deltaplus xp
jack-4907-bc1-d3,john,304,9.728,8.35,-15.11,a,,,2.50,deltaplus xp
jack-4907-bc1-d3,john,305,9.76,8.23,-14.96,a,,,2.60,deltaplus xp
jack-4907-bc1-d3,john,306,9.792,9.04,-14.59,a,,,2.50,deltaplus xp
jack-4907-bc1-d3,john,307,9.824,8.9,-15.24,a,,,2.60,deltaplus xp
jack-4907-bc1-d3,john,308,9.856,7.94,-15.56,a,,,2.60,deltaplus xp
jack-4907-bc1-d3,john,309,9.888,7.47,-15.34,a,,,2.50,deltaplus xp
jack-4907-bc1-d3,john,310,9.92,8.23,-17.1,a,,,2.60,deltaplus xp
jack-4907-bc1-d3,john,311,9.952,7.94,-16.75,a,,,2.60,deltaplus xp
jack-4907-bc1-d3,john,312,9.984,7.95,-17.23,a,,,2.60,deltaplus xp
jack-4907-bc1-d3,john,313,10.016,8.16,-17.09,a,,,2.60,deltaplus xp
jack-4907-bc1-d3,john,314,10.048,7.5,-16.12,a,,,2.60,deltaplus xp
jack-4907-bc1-d3,john,315,10.08,7.53,-17.67,a,,,2.60,deltaplus xp
jack-4907-bc1-d3,john,316,10.112,7.31,-16.87,a,,,2.60,deltaplus xp
jack-4907-bc1-d3,john,317,10.144,7.19,-17.65,a,,,2.60,deltaplus xp
jack-4907-bc1-d3,john,318,10.176,7.3,-17.29,a,,,2.60,deltaplus xp
stet-4904-bc1-d2,john,1,0.03,9.24,-16.91,a,,,,
stet-4904-bc1-d2,john,2,0.06,9.24,-16.84,a,,,,
stet-4904-bc1-d2,john,3,0.09,9.63,-16.91,b,,,,delta v plus
stet-4904-bc1-d2,john,4,0.12,8.88,-16.4,a,,,,
stet-4904-bc1-d2,john,5,0.15,9.34,-16.82,a,,,,
stet-4904-bc1-d2,john,6,0.17,9.35,-16.62,a,,,,
stet-4904-bc1-d2,john,7,0.2,9.5,-16.99,a,,,,
stet-4904-bc1-d2,john,8,0.23,10.16,-16.51,a,,,,
stet-4904-bc1-d2,john,9,0.26,9.1,-16.62,a,,,,
stet-4904-bc1-d2,john,10,0.29,9.15,-16.73,a,,,,
stet-4904-bc1-d2,john,11,0.32,9.13,-16.3,a,,,,
stet-4904-bc1-d2,john,12,0.35,9.67,-16.27,a,,,,
stet-4904-bc1-d2,john,13,0.38,9.01,-16.25,a,,,,
stet-4904-bc1-d2,john,14,0.41,9.2,-16.22,a,,,,
stet-4904-bc1-d2,john,15,0.44,9.43,-15.96,a,,,,
stet-4904-bc1-d2,john,16,0.46,8.88,-16.24,a,,,,
stet-4904-bc1-d2,john,17,0.49,8.74,-15.75,a,,,,
stet-4904-bc1-d2,john,18,0.52,9.42,-15.37,a,,,,
stet-4904-bc1-d2,john,19,0.55,8.41,-15.56,a,,,,
stet-4904-bc1-d2,john,20,0.58,8.58,-16.15,a,,,,
stet-4904-bc1-d2,john,21,0.61,8.6,-15.68,a,,,,
stet-4904-bc1-d2,john,22,0.64,9.12,-15.79,a,,,,
stet-4904-bc1-d2,john,23,0.67,8.32,-15.59,a,,,,
stet-4904-bc1-d2,john,24,0.7,8.44,-16.05,a,,,,
stet-4904-bc1-d2,john,25,0.73,8.38,-15.84,a,,,,
stet-4904-bc1-d2,john,26,0.75,8.54,-15.56,a,,,,
stet-4904-bc1-d2,john,27,0.78,8.65,-15.53,a,,,,
stet-4904-bc1-d2,john,28,0.81,9.61,-15.22,a,,,,
stet-4904-bc1-d2,john,29,0.84,8.14,-15.7,a,,,,
stet-4904-bc1-d2,john,30,0.87,8.51,-15.29,a,,,,
stet-4904-bc1-d2,john,31,0.9,8.49,-15.52,a,,,,
stet-4904-bc1-d2,john,32,0.93,8.08,-15.09,a,,,,
stet-4904-bc1-d2,john,33,0.96,8.28,-15.01,a,,,,
stet-4904-bc1-d2,john,34,0.99,8.03,-15.34,a,,,,
stet-4904-bc1-d2,john,35,1.02,8.45,-15.31,a,,,,
stet-4904-bc1-d2,john,36,1.04,8.21,-15.56,a,,,,
stet-4904-bc1-d2,john,37,1.07,9.19,-15.25,a,,,,
stet-4904-bc1-d2,john,38,1.1,8.54,-15.33,a,,,,
stet-4904-bc1-d2,john,39,1.13,7.97,-15.26,a,,,,
stet-4904-bc1-d2,john,40,1.16,8.51,-15.31,a,,,,
stet-4904-bc1-d2,john,41,1.19,8.62,-15.17,a,,,,
stet-4904-bc1-d2,john,42,1.22,8.79,-15.6,a,,,,
stet-4904-bc1-d2,john,43,1.25,8.79,-15.11,a,,,,
stet-4904-bc1-d2,john,44,1.28,8.58,-15.41,a,,,,
stet-4904-bc1-d2,john,45,1.31,7.94,-15.47,a,,,,
stet-4904-bc1-d2,john,46,1.33,8.42,-15.39,a,0.148761897,0.407729936,2.70,delta v plus
stet-4904-bc1-d2,john,47,1.36,8.6,-15.13,a,,,,
stet-4904-bc1-d2,john,48,1.39,8.64,-15.22,a,,,,
stet-4904-bc1-d2,john,49,1.42,7.79,-15.4,a,,,,
stet-4904-bc1-d2,john,50,1.45,8.29,-15.64,a,,,,
stet-4904-bc1-d2,john,51,1.48,8.17,-15.4,a,,,,
stet-4904-bc1-d2,john,52,1.51,8.37,-15.51,a,,,,
stet-4904-bc1-d2,john,53,1.54,8.65,-15.51,a,,,,
stet-4904-bc1-d2,john,54,1.57,8.04,-15.4,a,,,,
stet-4904-bc1-d2,john,55,1.6,8.5,-15.42,a,,,,
stet-4904-bc1-d2,john,56,1.62,8.19,-15.33,a,,,,
stet-4904-bc1-d2,john,57,1.65,8.25,-15.82,a,,,,
stet-4904-bc1-d2,john,58,1.68,8.97,-15.58,a,,,,
stet-4904-bc1-d2,john,59,1.71,8.52,-15.8,a,,,,
stet-4904-bc1-d2,john,60,1.74,8.97,-15.59,a,,,,
stet-4904-bc1-d2,john,61,1.77,9.54,-15.7,a,,,,
stet-4904-bc1-d2,john,62,1.8,8.42,-15.46,a,,,,
stet-4904-bc1-d2,john,63,1.83,7.6,-15.66,a,,,,
stet-4904-bc1-d2,john,64,1.86,8.24,-15.45,a,,,,
stet-4904-bc1-d2,john,65,1.89,8.51,-15.52,a,,,,
stet-4904-bc1-d2,john,66,1.91,8.86,-15.35,a,,,,
stet-4904-bc1-d2,john,67,1.94,8.29,-15.38,a,,,,
stet-4904-bc1-d2,john,68,1.97,7.85,-16.05,a,,,,delta v plus
stet-4904-bc1-d2,john,69,2,7.66,-15.84,a,,,,
stet-4904-bc1-d2,john,70,2.03,8.25,-15.71,a,,,,
stet-4904-bc1-d2,john,71,2.06,7.72,-15.73,a,,,,
stet-4904-bc1-d2,john,72,2.09,7.68,-15.53,a,,,,
stet-4904-bc1-d2,john,73,2.12,8.68,-15.6,a,,,,
stet-4904-bc1-d2,john,74,2.15,8.24,-15.58,a,,,,
stet-4904-bc1-d2,john,75,2.18,8.27,-15.59,a,,,,
stet-4904-bc1-d2,john,76,2.2,8.56,-15.39,a,,,,
stet-4904-bc1-d2,john,77,2.23,8.73,-15.15,a,,,,
stet-4904-bc1-d2,john,78,2.26,8.56,-15.12,a,,,,
stet-4904-bc1-d2,john,79,2.29,8.44,-15.14,a,,,,
stet-4904-bc1-d2,john,80,2.32,8.31,-15.65,a,,,,
stet-4904-bc1-d2,john,81,2.35,8.53,-15.41,a,,,,
stet-4904-bc1-d2,john,82,2.38,9.15,-15.29,a,,,,
stet-4904-bc1-d2,john,83,2.41,8.34,-15.55,a,,,,
stet-4904-bc1-d2,john,84,2.44,8.19,-15.5,a,,,,
stet-4904-bc1-d2,john,85,2.47,8.99,-15.43,a,,,,
stet-4904-bc1-d2,john,86,2.49,8.41,-15.62,a,,,,
stet-4904-bc1-d2,john,87,2.52,8.72,-15.5,a,,,,
stet-4904-bc1-d2,john,88,2.55,8.35,-15.57,a,,,,
stet-4904-bc1-d2,john,89,2.58,8.12,-15.43,a,,,,
stet-4904-bc1-d2,john,90,2.61,8.29,-15.64,a,,,,
stet-4904-bc1-d2,john,91,2.64,8.43,-15.5,a,,,,
stet-4904-bc1-d2,john,92,2.67,9.36,-15.14,a,,,,
stet-4904-bc1-d2,john,93,2.7,8.28,-15.56,a,,,,
stet-4904-bc1-d2,john,94,2.73,8.79,-15.64,a,,,,
stet-4904-bc1-d2,john,95,2.76,8.98,-15.64,a,,,,
stet-4904-bc1-d2,john,96,2.78,8.81,-15.51,a,,,,
stet-4904-bc1-d2,john,97,2.81,8.58,-15.42,a,,,,
stet-4904-bc1-d2,john,98,2.84,8.66,-15.75,a,,,,
stet-4904-bc1-d2,john,99,2.87,8.8,-15.58,a,,,,
stet-4904-bc1-d2,john,100,2.9,8.73,-15.5,a,,,,delta v plus
stet-4904-bc1-d2,john,101,2.93,9.44,-15.01,a,,,,
stet-4904-bc1-d2,john,102,2.96,9.18,-15.56,a,,,,
stet-4904-bc1-d2,john,103,2.99,7.96,-15.58,a,,,,
stet-4904-bc1-d2,john,104,3.02,8.98,-15.6,a,,,,
stet-4904-bc1-d2,john,105,3.05,8.32,-15.68,a,,,,
stet-4904-bc1-d2,john,106,3.07,9.07,-15.82,a,,,,
stet-4904-bc1-d2,john,107,3.1,8.92,-15.54,a,,,,
stet-4904-bc1-d2,john,108,3.13,8.73,-15.35,a,,,,
stet-4904-bc1-d2,john,109,3.16,9.17,-15.39,a,,,,
stet-4904-bc1-d2,john,110,3.19,8.48,-15.15,a,,,,
stet-4904-bc1-d2,john,111,3.22,8.44,-15.78,a,,,,delta v plus
stet-4904-bc1-d2,john,112,3.25,8.68,-15.13,a,,,,
stet-4904-bc1-d2,john,113,3.28,8.82,-15.55,a,,,,
stet-4904-bc1-d2,john,114,3.31,8.49,-15.31,a,,,,
stet-4904-bc1-d2,john,115,3.34,8.65,-15.55,a,,,,
stet-4904-bc1-d2,john,116,3.36,8.6,-15.72,a,,,,delta v plus
stet-4904-bc1-d2,john,117,3.39,7.83,-15.84,a,,,,
stet-4904-bc1-d2,john,118,3.42,8.68,-15.82,a,,,,
stet-4904-bc1-d2,john,119,3.45,8.75,-15.86,a,,,,
stet-4904-bc1-d2,john,120,3.48,8.83,-15.64,a,,,,
stet-4904-bc1-d2,john,121,3.51,9.02,-15.56,a,,,,
stet-4904-bc1-d2,john,122,3.54,8.91,-15.57,a,,,,
stet-4904-bc1-d2,john,123,3.57,8.35,-15.73,a,,,,
stet-4904-bc1-d2,john,124,3.6,8.34,-15.65,a,,,,
stet-4904-bc1-d2,john,125,3.63,8.69,-15.21,a,,,,delta v plus
stet-4904-bc1-d2,john,126,3.65,9.12,-15.4,a,,,,
stet-4904-bc1-d2,john,127,3.68,8.16,-15.84,a,,,,
stet-4904-bc1-d2,john,128,3.71,8.88,-15.64,a,,,,
stet-4904-bc1-d2,john,129,3.74,8.51,-15.19,a,,,,
stet-4904-bc1-d2,john,130,3.77,7.75,-16.1,a,,,,
stet-4904-bc1-d2,john,131,3.8,9.08,-15.77,a,,,,
stet-4904-bc1-d2,john,132,3.83,9.14,-15.64,a,,,,
stet-4904-bc1-d2,john,133,3.86,8.9,-15.75,a,,,,
stet-4904-bc1-d2,john,134,3.89,8.67,-15.77,a,,,,
stet-4904-bc1-d2,john,135,3.92,8.71,-15.57,a,,,,
stet-4904-bc1-d2,john,136,3.94,8.82,-15.79,a,,,,
stet-4904-bc1-d2,john,137,3.97,8.78,-15.5,a,,,,
stet-4904-bc1-d2,john,138,4,9.49,-15.43,a,,,,
stet-4904-bc1-d2,john,139,4.03,8.68,-14.9,a,,,,
stet-4904-bc1-d2,john,140,4.06,8.53,-15.86,a,,,,
stet-4904-bc1-d2,john,141,4.09,8.21,-15.58,a,,,,
stet-4904-bc1-d2,john,142,4.12,8.89,-15.72,a,,,,
stet-4904-bc1-d2,john,143,4.15,8.09,-15.94,a,,,,
stet-4904-bc1-d2,john,144,4.18,8.77,-15.62,a,,,,
stet-4904-bc1-d2,john,145,4.21,8.28,-15.73,a,,,,
stet-4904-bc1-d2,john,146,4.23,8.45,-15.53,a,,,,
stet-4904-bc1-d2,john,147,4.26,8.4,-15.38,a,,,,
stet-4904-bc1-d2,john,148,4.29,8.27,-15.67,a,,,,
stet-4904-bc1-d2,john,149,4.32,8.7,-15.55,a,,,,
stet-4904-bc1-d2,john,150,4.35,8.63,-15.52,a,,,,
stet-4904-bc1-d2,john,151,4.38,8.51,-15.52,a,,,,
stet-4904-bc1-d2,john,152,4.41,9.18,-15.46,a,,,,
stet-4904-bc1-d2,john,153,4.44,8.39,-15.86,a,,,,
stet-4904-bc1-d2,john,154,4.47,8.72,-15.45,a,,,,
stet-4904-bc1-d2,john,155,4.5,8.42,-15.57,a,,,,
stet-4904-bc1-d2,john,156,4.52,8.72,-15.56,a,,,,
stet-4904-bc1-d2,john,157,4.55,8.7,-15.4,a,,,,
stet-4904-bc1-d2,john,158,4.58,8.75,-15.83,a,,,,
stet-4904-bc1-d2,john,159,4.61,8.27,-15.53,a,,,,
stet-4904-bc1-d2,john,160,4.64,9.01,-15.51,a,,,,
stet-4904-bc1-d2,john,161,4.67,7.71,-15.87,a,,,,
stet-4904-bc1-d2,john,162,4.7,8.63,-15.33,a,,,,
stet-4904-bc1-d2,john,163,4.73,8.56,-15.28,a,,,,
stet-4904-bc1-d2,john,164,4.76,7.82,-16,a,,,,
stet-4904-bc1-d2,john,165,4.79,7.84,-15.53,a,,,,
stet-4904-bc1-d2,john,166,4.81,8.05,-15.49,a,,,,
stet-4904-bc1-d2,john,167,4.84,8.24,-15.38,a,,,,
stet-4904-bc1-d2,john,168,4.87,8.31,-15.38,a,,,,
stet-4904-bc1-d2,john,169,4.9,8.32,-15.51,a,,,,
stet-4904-bc1-d2,john,170,4.93,8.19,-15.72,a,,,,
stet-4904-bc1-d2,john,171,4.96,8.11,-15.83,a,,,,
stet-4904-bc1-d2,john,172,4.99,8.28,-15.71,a,,,,
stet-4904-bc1-d2,john,173,5.02,7.8,-16,a,,,,
stet-4904-bc1-d2,john,174,5.05,8.15,-15.5,a,,,,
stet-4904-bc1-d2,john,175,5.08,7.93,-15.83,a,,,,
stet-4904-bc1-d2,john,176,5.1,8.32,-15.6,a,,,,
stet-4904-bc1-d2,john,177,5.13,7.87,-15.74,a,,,,
stet-4904-bc1-d2,john,178,5.16,8.71,-15.6,a,,,,
stet-4904-bc1-d2,john,179,5.19,8.47,-15.35,a,,,,
stet-4904-bc1-d2,john,180,5.22,8.93,-15.34,a,,,,
stet-4904-bc1-d2,john,181,5.25,7.65,-15.91,a,,,,
stet-4904-bc1-d2,john,182,5.28,8.29,-15.65,a,,,,
stet-4904-bc1-d2,john,183,5.31,8.4,-15.91,a,,,,
stet-4904-bc1-d2,john,184,5.34,8.47,-15.72,a,,,,
stet-4904-bc1-d2,john,185,5.37,8.58,-15.78,a,,,,
stet-4904-bc1-d2,john,186,5.39,8.35,-15.44,a,,,,
stet-4904-bc1-d2,john,187,5.42,8.04,-15.31,a,,,,
stet-4904-bc1-d2,john,188,5.45,8.76,-15.32,a,,,,
stet-4904-bc1-d2,john,189,5.48,9.07,-14.92,a,,,,
stet-4904-bc1-d2,john,190,5.51,8.02,-15.34,a,,,,
stet-4904-bc1-d2,john,191,5.54,8.21,-15.6,a,,,,
stet-4904-bc1-d2,john,192,5.57,8.28,-15.13,a,0.152424254,0.418010117,2.70,delta v plus
stet-4904-bc1-d2,john,193,5.6,8.73,-15.49,a,,,,
stet-4904-bc1-d2,john,194,5.63,8.42,-15.35,a,,,,
stet-4904-bc1-d2,john,195,5.66,8.96,-15.44,a,,,,
stet-4904-bc1-d2,john,196,5.68,8.62,-15.58,a,,,,
stet-4904-bc1-d2,john,197,5.71,8.79,-15.74,a,,,,
stet-4904-bc1-d2,john,198,5.74,8.89,-15.46,a,,,,
stet-4904-bc1-d2,john,199,5.77,7.68,-15.34,a,,,,delta v plus
stet-4904-bc1-d2,john,200,5.8,8.22,-15.62,a,,,,
stet-4904-bc1-d2,john,201,5.83,8.84,-15.23,a,,,,
stet-4904-bc1-d2,john,202,5.86,8.7,-15.41,a,,,,
stet-4904-bc1-d2,john,203,5.89,7.52,-15.18,a,,,,delta v plus
stet-4904-bc1-d2,john,204,5.92,8.31,-15.42,a,,,,
stet-4904-bc1-d2,john,205,5.95,8.5,-15.37,a,,,,
stet-4904-bc1-d2,john,206,5.97,8.35,-15.67,a,,,,
stet-4904-bc1-d2,john,207,6,8.76,-15.64,a,,,,
stet-4904-bc1-d2,john,208,6.03,8.28,-14.91,a,,,,
stet-4904-bc1-d2,john,209,6.06,8.43,-15.54,a,,,,
stet-4904-bc1-d2,john,210,6.09,7.28,-15.46,a,,,,delta v plus
stet-4904-bc1-d2,john,211,6.12,8.03,-15.66,a,,,,
stet-4904-bc1-d2,john,212,6.15,7.65,-15.45,a,,,,delta v plus
stet-4904-bc1-d2,john,213,6.18,7.9,-14.98,a,,,,
stet-4904-bc1-d2,john,214,6.21,8.1,-15.65,a,,,,
stet-4904-bc1-d2,john,215,6.24,7.52,-15.81,a,,,,
stet-4904-bc1-d2,john,216,6.26,8.61,-15.56,a,,,,
stet-4904-bc1-d2,john,217,6.29,8.81,-15.14,a,,,,
stet-4904-bc1-d2,john,218,6.32,8.42,-15.5,a,,,,
stet-4904-bc1-d2,john,219,6.35,8.13,-15.92,a,,,,
stet-4904-bc1-d2,john,220,6.38,8.26,-15.5,a,,,,
stet-4904-bc1-d2,john,221,6.41,8.19,-15.19,a,,,,
stet-4904-bc1-d2,john,222,6.44,8.37,-15.26,a,,,,
stet-4904-bc1-d2,john,223,6.47,8.27,-15.43,a,,,,
stet-4904-bc1-d2,john,224,6.5,7.93,-15.63,a,,,,
stet-4904-bc1-d2,john,225,6.53,8.22,-15.68,a,,,,
stet-4904-bc1-d2,john,226,6.55,8.99,-15.21,a,,,,
stet-4904-bc1-d2,john,227,6.58,8.44,-15.44,a,,,,
stet-4904-bc1-d2,john,228,6.61,8.78,-14.61,a,,,,delta v plus
stet-4904-bc1-d2,john,229,6.64,8.42,-14.56,a,,,,delta v plus
stet-4904-bc1-d2,john,230,6.67,7.66,-14.99,a,,,,delta v plus
stet-4904-bc1-d2,john,231,6.7,7.59,-15.67,a,,,,delta v plus
stet-4904-bc1-d2,john,232,6.73,7.7,-15.48,a,,,,delta v plus
stet-4904-bc1-d2,john,233,6.76,8.09,-15.7,a,,,,delta v plus
stet-4904-bc1-d2,john,234,6.79,7.84,-15.64,a,,,,delta v plus
stet-4904-bc1-d2,john,235,6.82,7.77,-15.69,a,,,,delta v plus
stet-4904-bc1-d2,john,236,6.84,7.87,-15.75,a,,,,delta v plus
stet-4904-bc1-d2,john,237,6.87,7.59,-15.83,a,,,,delta v plus
stet-4904-bc1-d2,john,238,6.9,7.59,-15.7,a,,,,delta v plus
stet-4904-bc1-d2,john,239,6.93,8.01,-15.63,a,,,,delta v plus
stet-4904-bc1-d2,john,240,6.96,7.58,-15.71,a,,,,delta v plus
stet-4904-bc1-d2,john,241,6.99,7.63,-15.78,a,,,,delta v plus
stet-4904-bc1-d2,john,242,7.02,7.67,-15.95,a,,,,delta v plus
stet-4904-bc1-d2,john,243,7.05,7.84,-15.71,a,,,,delta v plus
stet-4904-bc1-d2,john,244,7.08,7.59,-15.4,a,,,,delta v plus
stet-4904-bc1-d2,john,245,7.11,7.23,-15.3,a,,,,delta v plus
stet-4904-bc1-d2,john,246,7.13,7.25,-15.26,a,,,,delta v plus
stet-4904-bc1-d2,john,247,7.16,7.33,-15.58,a,,,,delta v plus
stet-4904-bc1-d2,john,248,7.19,7.71,-15.78,a,,,,delta v plus
stet-4904-bc1-d2,john,249,7.22,8.06,-15.41,a,,,,delta v plus
stet-4904-bc1-d2,john,250,7.25,7.83,-15.34,a,,,,delta v plus
stet-4904-bc1-d2,john,251,7.28,7.66,-15.43,a,,,,delta v plus
stet-4904-bc1-d2,john,252,7.31,7.93,-15.74,a,,,,delta v plus
stet-4904-bc1-d2,john,253,7.34,7.79,-15.87,a,,,,delta v plus
stet-4904-bc1-d2,john,254,7.37,7.55,-16.1,a,,,,delta v plus
stet-4904-bc1-d2,john,255,7.4,7.65,-15.86,a,,,,delta v plus
stet-4904-bc1-d2,john,256,7.42,7.54,-15.77,a,,,,delta v plus
stet-4904-bc1-d2,john,257,7.45,7.92,-15.77,a,,,,delta v plus
stet-4904-bc1-d2,john,258,7.48,7.78,-16.01,a,,,,delta v plus
stet-4904-bc1-d2,john,259,7.51,8,-15.73,a,,,,delta v plus
stet-4904-bc1-d2,john,260,7.54,7.33,-15.95,a,,,,delta v plus
stet-4904-bc1-d2,john,261,7.57,7.8,-15.62,a,,,,delta v plus
stet-4904-bc1-d2,john,262,7.6,8.27,-15.51,a,,,,delta v plus
stet-4904-bc1-d2,john,263,7.63,7.86,-15.61,a,,,,delta v plus
stet-4904-bc1-d2,john,264,7.66,7.91,-14.91,a,,,,delta v plus
stet-4904-bc1-d2,john,265,7.69,7.83,-14.86,a,,,,delta v plus
stet-4904-bc1-d2,john,266,7.71,7.91,-15.14,a,,,,delta v plus
stet-4904-bc1-d2,john,267,7.74,9.79,-15,a,,,,delta v plus
stet-4904-bc1-d2,john,268,7.77,8.35,-15.31,a,,,,delta v plus
stet-4904-bc1-d2,john,269,7.8,8.19,-15.32,a,,,,delta v plus
stet-4904-bc1-d2,john,270,7.83,8.14,-15.29,a,,,,delta v plus
stet-4904-bc1-d2,john,271,7.86,7.87,-15.24,a,,,,delta v plus
stet-4904-bc1-d2,john,272,7.89,7.48,-15.56,a,,,,delta v plus
stet-4904-bc1-d2,john,273,7.92,7.68,-15.51,a,,,,delta v plus
stet-4904-bc1-d2,john,274,7.95,7.74,-15.61,a,,,,delta v plus
stet-4904-bc1-d2,john,275,7.98,7.81,-15.37,a,,,,delta v plus
stet-4904-bc1-d2,john,276,8,7.75,-15.62,a,,,,delta v plus
stet-4904-bc1-d2,john,277,8.03,7.99,-15.64,a,,,,delta v plus
stet-4904-bc1-d2,john,278,8.06,7.81,-15.86,a,,,,delta v plus
stet-4904-bc1-d2,john,279,8.09,7.38,-16.07,a,,,,delta v plus
stet-4904-bc1-d2,john,280,8.12,7.67,-16.08,a,,,,delta v plus
stet-4904-bc1-d2,john,281,8.15,7.57,-15.81,a,,,,delta v plus
stet-4904-bc1-d2,john,282,8.18,7.91,-15.57,a,,,,delta v plus
stet-4904-bc1-d2,john,283,8.21,7.53,-16.1,a,,,,delta v plus
stet-4904-bc1-d2,john,284,8.24,7.45,-15.84,a,,,,delta v plus
stet-4904-bc1-d2,john,285,8.27,7.67,-15.73,a,,,,delta v plus
stet-4904-bc1-d2,john,286,8.29,7.62,-15.78,a,,,,delta v plus
stet-4904-bc1-d2,john,287,8.32,7.17,-16.03,a,,,,delta v plus
stet-4904-bc1-d2,john,288,8.35,7.31,-15.99,a,,,,delta v plus
stet-4904-bc1-d2,john,289,8.38,6.87,-16.17,a,,,,delta v plus
stet-4904-bc1-d2,john,290,8.41,7.43,-15.65,a,,,,delta v plus
stet-4904-bc1-d2,john,291,8.44,7.89,-15.92,a,,,,delta v plus
stet-4904-bc1-d2,john,292,8.47,7.44,-15.97,a,,,,delta v plus
stet-4904-bc1-d2,john,293,8.5,7.6,-15.75,a,,,,delta v plus
stet-4904-bc1-d2,john,294,8.53,7.9,-16.03,a,,,,delta v plus
stet-4904-bc1-d2,john,295,8.56,7.74,-15.77,a,,,,delta v plus
stet-4904-bc1-d2,john,296,8.58,7.92,-15.52,a,,,,delta v plus
stet-4904-bc1-d2,john,297,8.61,8.15,-15.68,a,,,,delta v plus
stet-4904-bc1-d2,john,298,8.64,8.48,-15.49,a,,,,delta v plus
stet-4904-bc1-d2,john,299,8.67,8.01,-15.59,a,,,,delta v plus
stet-4904-bc1-d2,john,300,8.7,7.91,-15.6,a,,,,delta v plus
stet-4904-bc1-d2,john,301,8.73,7.69,-15.6,a,,,,delta v plus
stet-4904-bc1-d2,john,302,8.76,7.49,-15.99,a,,,,delta v plus
stet-4904-bc1-d2,john,303,8.79,7.27,-16.04,a,,,,delta v plus
stet-4904-bc1-d2,john,304,8.82,7.37,-15.84,a,,,,delta v plus
stet-4904-bc1-d2,john,305,8.85,7.75,-15.3,a,,,,delta v plus
stet-4904-bc1-d2,john,306,8.87,7,-16.1,a,,,,delta v plus
stet-4904-bc1-d2,john,307,8.9,7.25,-15.57,a,,,,delta v plus
stet-4904-bc1-d2,john,308,8.93,7.42,-15.82,a,,,,delta v plus
stet-4904-bc1-d2,john,309,8.96,7.12,-16.02,a,,,,delta v plus
stet-4904-bc1-d2,john,310,8.99,7.47,-15.62,a,,,,delta v plus
stet-4904-bc1-d2,john,311,9.02,7.6,-15.68,a,,,,delta v plus
stet-4904-bc1-d2,john,312,9.05,7.76,-15.68,a,,,,delta v plus
stet-4904-bc1-d2,john,313,9.08,7.81,-15.46,a,,,,delta v plus
stet-4904-bc1-d2,john,314,9.11,7.46,-16.05,a,,,,delta v plus
stet-4904-bc1-d2,john,315,9.14,7.48,-16.21,a,,,,delta v plus
stet-4904-bc1-d2,john,316,9.16,7.54,-16.13,a,,,,delta v plus
stet-4904-bc1-d2,john,317,9.19,7.97,-16.04,a,,,,delta v plus
stet-4904-bc1-d2,john,318,9.22,7.67,-15.85,a,,,,delta v plus
stet-4904-bc1-d2,john,319,9.25,7.8,-15.68,a,,,,delta v plus
stet-4904-bc1-d2,john,320,9.28,7.51,-15.88,a,,,,delta v plus
stet-4904-bc1-d2,john,321,9.31,7.72,-16.11,a,,,,delta v plus
stet-4904-bc1-d2,john,322,9.34,7.57,-15.68,a,,,,delta v plus
stet-4904-bc1-d2,john,323,9.37,7.4,-16.05,a,,,,delta v plus
stet-4904-bc1-d2,john,324,9.4,7.2,-15.95,a,,,,delta v plus
stet-4904-bc1-d2,john,325,9.43,6.63,-15.92,a,,,,delta v plus
stet-4904-bc1-d2,john,326,9.45,7.23,-15.64,a,,,,delta v plus
stet-4904-bc1-d2,john,327,9.48,7.45,-16.34,a,,,,delta v plus
stet-4904-bc1-d2,john,328,9.51,7.83,-16.04,a,,,,delta v plus
stet-4904-bc1-d2,john,329,9.54,7.76,-15.99,a,,,,delta v plus
stet-4904-bc1-d2,john,330,9.57,7.68,-15.76,a,,,,delta v plus
stet-4904-bc1-d2,john,331,9.6,7.11,-16.21,a,,,,delta v plus
stet-4904-bc1-d2,john,332,9.63,7.17,-15.72,a,,,,delta v plus
stet-4904-bc1-d2,john,333,9.66,7.31,-16.06,a,,,,delta v plus
stet-4904-bc1-d2,john,334,9.69,7.45,-15.67,a,,,,delta v plus
stet-4904-bc1-d2,john,335,9.72,6.81,-15.8,a,,,,delta v plus
stet-4904-bc1-d2,john,336,9.74,7.15,-16.16,a,,,,delta v plus
stet-4904-bc1-d2,john,337,9.77,7.25,-15.8,a,,,,delta v plus
stet-4904-bc1-d2,john,338,9.8,7.17,-15.9,a,,,,delta v plus
stet-4904-bc1-d2,john,339,9.83,8.7,-15.43,a,,,,delta v plus
stet-4904-bc1-d2,john,340,9.86,8.18,-15.59,a,,,,delta v plus
stet-4904-bc1-d2,john,341,9.89,8.79,-15.45,a,,,,delta v plus
stet-4904-bc1-d2,john,342,9.92,9.02,-15.34,a,,,,delta v plus
stet-4904-bc1-d2,john,343,9.95,8.84,-15.25,a,,,,delta v plus
stet-4904-bc1-d2,john,344,9.98,9.77,-15.24,a,,,,delta v plus
stet-4904-bc1-d2,john,345,10.01,9.5,-15.33,a,,,,delta v plus
stet-4904-bc1-d2,john,346,10.03,8.14,-15.26,a,,,,delta v plus
stet-4904-bc1-d2,john,347,10.06,8.88,-14.83,a,,,,delta v plus
stet-4904-bc1-d2,john,348,10.09,8.88,-14.98,a,,,,delta v plus
stet-4904-bc1-d2,john,349,10.12,7.62,-15.36,a,,,,delta v plus
stet-4904-bc1-d2,john,350,10.15,7.45,-15.71,a,,,,delta v plus
stet-4904-bc1-d2,john,351,10.18,8.21,-15.36,a,,,,delta v plus
stet-4904-bc1-d2,john,352,10.21,7.63,-15.55,a,,,,delta v plus
stet-4904-bc1-d2,john,353,10.24,8.25,-15.18,a,,,,delta v plus
stet-4904-bc1-d2,john,354,10.27,7.06,-15.63,a,,,,delta v plus
stet-4904-bc1-d2,john,355,10.3,7.12,-15.4,a,,,,delta v plus
stet-4904-bc1-d2,john,356,10.32,7.03,-15.66,a,,,,delta v plus
stet-4904-bc1-d2,john,357,10.35,7.39,-15.6,a,,,,delta v plus
stet-4904-bc1-d2,john,358,10.38,7.42,-15.59,a,,,,delta v plus
stet-4904-bc1-d2,john,359,10.41,8.73,-15.32,a,,,,delta v plus
stet-4904-bc1-d2,john,360,10.44,8.75,-15.35,a,,,,delta v plus
stet-4904-bc1-d2,john,361,10.47,6.67,-15.66,a,,,,delta v plus
stet-4904-bc1-d2,john,362,10.5,7.02,-16.09,a,,,,delta v plus
stet-4904-bc1-d2,john,363,10.53,6.9,-15.84,a,,,,delta v plus
stet-4904-bc1-d2,john,364,10.56,6.49,-15.75,a,,,,delta v plus
stet-4904-bc1-d2,john,365,10.59,6.73,-15.82,a,,,,delta v plus
stet-4904-bc1-d2,john,366,10.61,6.77,-15.89,a,,,,delta v plus
stet-4904-bc1-d2,john,367,10.64,6.73,-15.83,a,,,,delta v plus
stet-4904-bc1-d2,john,368,10.67,6.74,-16.05,a,,,,delta v plus
stet-4904-bc1-d2,john,369,10.7,6.95,-15.94,a,,,,delta v plus
stet-4904-bc1-d2,john,370,10.73,6.84,-15.68,a,,,,delta v plus
stet-4904-bc1-d2,john,371,10.76,6.91,-15.59,a,,,,delta v plus
stet-4904-bc1-d2,john,372,10.79,7.09,-15.37,a,,,,delta v plus
stet-4904-bc1-d2,john,373,10.82,7.82,-15.59,a,,,,delta v plus
stet-4904-bc1-d2,john,374,10.85,7.5,-15.94,a,,,,delta v plus
stet-4904-bc1-d2,john,375,10.88,7.8,-15.77,a,,,,delta v plus
stet-4904-bc1-d2,john,376,10.9,7.86,-16.05,a,,,,delta v plus
stet-4904-bc1-d2,john,377,10.93,,,a,,,,delta v plus
stet-4904-bc1-d2,john,378,10.96,,,a,,,,delta v plus
stet-4904-bc1-d2,john,379,10.99,7.98,-16.08,a,,,,delta v plus
stet-4904-bc1-d2,john,380,11.02,7.78,-15.78,a,,,,delta v plus
stet-4904-bc1-d2,john,381,11.05,7.57,-16.48,a,,,,delta v plus
stet-4904-bc1-d2,john,382,11.08,7.62,-16.02,a,,,,delta v plus
stet-4904-bc1-d2,john,383,11.11,7.56,-16.32,a,,,,delta v plus
stet-4904-bc1-d2,john,384,11.14,7.33,-16.39,a,,,,delta v plus
stet-4904-bc1-d2,john,385,11.17,7.17,-16.79,a,,,,delta v plus
stet-4904-bc1-d2,john,386,11.2,7.118104894,-16.58281291,,,,2.95,delta v plus
jack-4907-bc1-d1,usgs,1,0.04,9.97,-15,a,,,,
jack-4907-bc1-d1,usgs,7,0.24,9.43,-15.99,a,,,,
jack-4907-bc1-d1,usgs,9,0.37,9.02,-15.16,a,,,,
jack-4907-bc1-d1,usgs,12,0.54,8.52,-16.4,a,,,,
jack-4907-bc1-d1,usgs,14,0.68,8.07,-16.54,a,,,,
jack-4907-bc1-d1,usgs,16,0.77,8.89,-15.75,a,,,,
jack-4907-bc1-d1,usgs,17,0.8,8.32,-15.41,a,,,,
jack-4907-bc1-d1,usgs,19,0.87,8.32,-16.29,a,,,,
jack-4907-bc1-d1,usgs,21,0.93,8.54,-15.66,a,,,,
jack-4907-bc1-d1,usgs,23,1.02,8.69,-15.62,a,,,,
jack-4907-bc1-d1,usgs,25,1.08,8.85,-15.71,a,,,,
jack-4907-bc1-d1,usgs,26,1.11,9.01,-15.59,a,,,,
jack-4907-bc1-d1,usgs,27,1.13,8.47,-15.95,a,,,,
jack-4907-bc1-d1,usgs,30,1.23,9.06,-15.67,a,,,,
jack-4907-bc1-d1,usgs,31,1.26,8.7,-15.48,a,,,,
jack-4907-bc1-d1,usgs,32,1.32,8.93,-16.05,a,,,,
jack-4907-bc1-d1,usgs,33,1.35,8.17,-15.88,a,,,,
jack-4907-bc1-d1,usgs,37,1.46,8.14,-15.45,a,,,,
jack-4907-bc1-d1,usgs,38,1.49,8.94,-15.46,a,,,,
jack-4907-bc1-d1,usgs,40,1.56,8.62,-15.87,a,,,,
jack-4907-bc1-d1,usgs,41,1.6,8.84,-15.79,a,,,,
jack-4907-bc1-d1,usgs,47,1.78,8.71,-15.58,a,,,,
jack-4907-bc1-d1,usgs,48,1.82,8.16,-15.83,a,,,,
jack-4907-bc1-d1,usgs,53,1.95,9.02,-15.77,a,,,,
jack-4907-bc1-d1,usgs,55,2.01,8.95,-15.3,a,,,,
jack-4907-bc1-d1,usgs,56,2.06,8.99,-15.08,a,,,,
jack-4907-bc1-d1,usgs,58,2.11,8.91,-15.58,a,,,,
jack-4907-bc1-d1,usgs,61,2.21,9.08,-16.02,a,,,,
jack-4907-bc1-d1,usgs,64,2.29,9.42,-15.72,a,,,,
jack-4907-bc1-d1,usgs,65,2.3,9.07,-16.01,a,,,,
jack-4907-bc1-d1,usgs,66,2.33,9.21,-15.83,a,,,,
jack-4907-bc1-d1,usgs,67,2.37,9.29,,a,,,,
jack-4907-bc1-d1,usgs,69,2.48,8.59,-15.57,a,,,,
jack-4907-bc1-d1,usgs,71,2.56,9.03,-15.27,a,,,,
jack-4907-bc1-d1,usgs,78,2.85,8.4,-15.76,a,,,,
jack-4907-bc1-d1,usgs,79,2.92,8.14,-16.12,a,,,,
jack-4907-bc1-d1,usgs,80,2.99,8.33,-15.94,a,,,,
jack-4907-bc1-d1,usgs,81,3,8.08,-15.89,a,,,,
jack-4907-bc1-d1,usgs,82,3.04,9.25,-15.11,a,,,,
jack-4907-bc1-d1,usgs,84,3.18,8.24,-16.1,a,,,,
jack-4907-bc1-d1,usgs,85,3.23,9.35,-15.61,a,,,,
jack-4907-bc1-d1,usgs,86,3.29,8.09,-15.67,a,,,,
jack-4907-bc1-d1,usgs,88,3.37,8.34,-15.67,a,,,,
jack-4907-bc1-d1,usgs,91,3.55,8.86,-15.43,a,,,,
jack-4907-bc1-d1,usgs,93,3.63,8.42,-16.34,a,,,,
jack-4907-bc1-d1,usgs,94,3.65,8.2,-16.29,a,,,,
jack-4907-bc1-d1,usgs,95,3.68,8.07,-15.87,a,,,,
jack-4907-bc1-d1,usgs,101,3.82,8.61,-15.67,a,,,,
jack-4907-bc1-d1,usgs,104,3.89,9.21,-15.81,a,,,,
jack-4907-bc1-d1,usgs,108,4.08,8.7,-16.13,a,,,,
jack-4907-bc1-d1,usgs,111,4.3,8.5,-15.87,a,,,,
jack-4907-bc1-d1,usgs,113,4.48,8.12,-15.51,a,,,,
jack-4907-bc1-d1,usgs,117,4.69,8.95,-16.3,a,,,,
jack-4907-bc1-d1,usgs,118,4.75,8.52,-15.51,a,,,,
jack-4907-bc1-d1,usgs,119,4.79,8.55,-15.83,a,,,,
jack-4907-bc1-d1,usgs,122,4.93,8.66,-16.02,a,,,,
jack-4907-bc1-d1,usgs,123,4.95,7.74,-16.95,a,,,,
jack-4907-bc1-d1,usgs,124,5.03,9.11,-15.64,a,,,,
jack-4907-bc1-d1,usgs,127,5.19,9.49,-15.28,a,,,,
jack-4907-bc1-d1,usgs,128,5.23,9.7,-15.5,a,,,,
jack-4907-bc1-d1,usgs,132,5.48,8.61,-15.37,a,,,,
jack-4907-bc1-d1,usgs,133,5.53,8.34,-15.64,a,,,,
jack-4907-bc1-d1,usgs,134,5.58,8.21,-15.55,a,,,,
jack-4907-bc1-d1,usgs,136,5.68,8.64,-15.55,a,,,,
jack-4907-bc1-d1,usgs,137,5.74,8.55,-15.4,a,,,,
jack-4907-bc1-d1,usgs,138,5.85,8.21,-15.41,a,,,,
jack-4907-bc1-d1,usgs,144,6.07,8.37,-15.82,a,,,,
jack-4907-bc1-d1,usgs,148,6.18,8.37,-15.66,a,,,,
jack-4907-bc1-d1,usgs,149,6.19,8.51,-15.69,a,,,,
jack-4907-bc1-d1,usgs,152,6.31,8.16,-16.19,a,,,,
jack-4907-bc1-d1,usgs,160,6.63,8.41,-15.66,a,,,,
jack-4907-bc1-d1,usgs,167,6.94,7.7,-16,a,,,,
jack-4907-bc1-d1,usgs,168,6.95,7.72,-15.8,a,,,,
jack-4907-bc1-d1,usgs,170,7.08,7.83,,a,,,,
jack-4907-bc1-d1,usgs,193,7.6,8.19,-16.78,a,,,,
jack-4907-bc1-d1,usgs,199,7.75,7.6,-16.52,a,,,,
jack-4907-bc1-d1,usgs,200,7.79,7.65,-16.85,a,,,,
jack-4907-bc1-d1,usgs,205,7.92,7.98,-17.95,a,,,,
jack-4907-bc1-d1,usgs,212,8.25,7.87,-16.26,a,,,,
jack-4907-bc1-d1,usgs,213,8.31,8.12,-16.38,a,,,,
jack-4907-bc1-d1,usgs,219,8.71,7.25,-17.06,a,,,,
sav-4902-bc1-unk,usgs,2,0.34,8.95,-16.09,a,,,,
sav-4902-bc1-unk,usgs,3,0.52,9.22,-15.98,a,,,,
sav-4902-bc1-unk,usgs,4,0.68,8.34,-15.79,a,,,,
sav-4902-bc1-unk,usgs,5,0.85,8.25,-16.04,a,,,,
sav-4902-bc1-unk,usgs,6,1.18,9.61,-15.87,a,,,,
sav-4902-bc1-unk,usgs,7,1.3,9.02,-16.22,a,,,,
sav-4902-bc1-unk,usgs,8,1.54,9.49,-15.82,a,,,,
sav-4902-bc1-unk,usgs,9,1.69,8.86,-15.94,a,,,,
sav-4902-bc1-unk,usgs,10,1.87,9.23,-16.13,a,,,,
sav-4902-bc1-unk,usgs,12,2.38,9.71,-16.01,a,,,,
sav-4902-bc1-unk,usgs,13,2.86,10.45,-15.46,a,,,,
sav-4902-bc1-unk,usgs,14,3.51,8.79,-15.83,a,,,,
sav-4902-bc1-unk,usgs,15,4.4,9.97,-15.84,a,,,,
sav-4902-bc1-unk,usgs,16,4.7,9.65,-15.64,a,,,,
sav-4902-bc1-unk,usgs,17,5.15,10.28,-15.6,a,,,,
sav-4902-bc1-unk,usgs,18,5.65,10.2,-15.23,a,,,,
sav-4902-bc1-unk,usgs,19,5.82,9.85,-15.98,a,,,,
sav-4902-bc1-unk,usgs,20,5.95,10.2,-15.53,a,,,,
sav-4902-bc1-unk,usgs,21,6.13,10.38,-15.86,a,,,,
sav-4902-bc1-unk,usgs,22,6.74,10.29,-15.04,a,,,,
sav-4902-bc1-unk,usgs,23,6.92,9.62,-15.75,a,,,,
sav-4902-bc1-unk,usgs,24,7.04,9.51,-16,a,,,,
sav-4902-bc1-unk,usgs,25,7.2,10.4,-15.38,a,,,,
sav-4902-bc1-unk,usgs,26,7.32,10.47,-15.88,a,,,,
sav-4902-bc1-unk,usgs,27,7.64,9.34,-16.13,a,,,,
sav-4902-bc1-unk,usgs,28,7.93,9.89,-15.66,a,,,,
sav-4902-bc1-unk,usgs,29,8.64,10.05,-16.19,a,,,,
sav-4902-bc1-unk,usgs,30,8.85,10.85,-15.28,a,,,,
sav-4902-bc1-unk,usgs,31,9.05,10.89,-15.13,a,,,,
sav-4902-bc1-unk,usgs,32,9.11,9.34,-15.9,a,,,,
sav-4902-bc1-unk,usgs,33,9.54,9.77,-15.84,a,,,,
sav-4902-bc1-unk,usgs,34,9.83,9.2,-15.44,a,,,,
sav-4902-bc1-unk,usgs,35,9.91,9.31,-15.67,a,,,,
sav-4902-bc1-unk,usgs,36,10.19,9.6,-15.89,a,,,,
sav-4902-bc1-unk,usgs,37,10.37,10.33,-15.36,a,,,,
sav-4902-bc1-unk,usgs,38,10.43,9.87,-15.43,a,,,,
sav-4902-bc1-unk,usgs,39,10.55,9.31,-15.75,a,,,,
sav-4902-bc1-unk,usgs,40,10.65,9.14,-16.26,a,,,,
sav-4902-bc1-unk,usgs,41,10.74,8.23,-16.14,a,,,,
sav-4902-bc1-unk,usgs,42,11.44,9.63,-15.54,a,,,,
sav-4902-bc1-unk,usgs,43,11.8,9.12,-15.75,a,,,,
sav-4902-bc1-unk,usgs,44,12.05,9.62,-15.83,a,,,,
sav-4902-bc1-unk,usgs,45,12.33,9.63,-16.01,a,,,,
sav-4902-bc1-unk,usgs,46,12.81,8.73,-15.66,a,,,,
sav-4902-bc1-unk,usgs,47,13.11,9.19,-15.95,a,,,,
sav-4902-bc1-unk,usgs,48,13.45,9.37,-16.04,a,,,,
sav-4902-bc1-unk,usgs,49,13.82,9.18,-15.81,a,,,,
sav-4902-bc1-unk,usgs,51,14.14,9.87,-16,a,,,,
sav-4902-bc1-unk,usgs,52,14.66,9.94,-15.46,a,,,,
sav-4902-bc1-unk,usgs,53,15.52,8.77,-15.96,a,,,,
sav-4902-bc1-unk,usgs,54,15.74,9.04,-16.32,a,,,,
sav-4902-bc1-unk,usgs,55,16.02,8.35,-16,a,,,,
sav-4902-bc1-unk,usgs,56,16.18,9.13,-15.37,a,,,,
sav-4902-bc1-unk,usgs,57,16.8,8.37,-16.04,a,,,,
sav-4902-bc1-unk,usgs,58,17.08,7.9,-16.25,a,,,,
sav-4902-bc1-unk,usgs,59,17.24,8.72,-15.96,a,,,,
sav-4902-bc1-unk,usgs,60,17.36,9.09,-15.73,a,,,,
sav-4902-bc1-unk,usgs,61,17.56,8.26,-15.79,a,,,,
sav-4902-bc1-unk,usgs,62,17.7,9.08,-15.74,a,,,,
sav-4902-bc1-unk,usgs,63,17.84,8.57,-15.9,a,,,,
sav-4902-bc1-unk,usgs,64,18.01,8.38,-15.96,a,,,,
sav-4902-bc1-unk,usgs,65,18.28,8.25,-16.15,a,,,,
sav-4902-bc1-unk,usgs,66,18.56,8.18,-16.12,a,,,,
sav-4902-bc1-unk,usgs,67,18.68,7.94,-16.04,a,,,,
sav-4902-bc1-unk,usgs,68,18.9,8.69,-15.89,a,,,,
sav-4902-bc1-unk,usgs,70,19.39,8.53,-16.53,a,,,,
sav-4902-bc1-unk,usgs,71,20.34,8.53,-15.61,a,,,,
sav-4902-bc1-unk,usgs,72,20.94,8.82,-16.22,a,,,,
sav-4902-bc1-unk,usgs,73,21.24,8.52,-15.61,a,,,,
sav-4902-bc1-unk,usgs,74,21.66,8.36,-15.81,a,,,,
sav-4902-bc1-unk,usgs,75,22.12,9.12,-15.47,a,,,,
sav-4902-bc1-unk,usgs,76,22.26,8.91,-15.91,a,,,,
sav-4902-bc1-unk,usgs,77,23.42,9.03,-15.73,a,,,,
sav-4902-bc1-unk,usgs,78,24.45,9.8,-15.47,a,,,,
sav-4902-bc1-unk,usgs,79,24.79,9.3,-15.93,a,,,,
sav-4902-bc1-unk,usgs,80,25.09,9,-16.42,a,,,,
sav-4902-bc1-unk,usgs,81,25.33,9.71,-15.62,a,,,,
sav-4902-bc1-unk,usgs,82,25.53,8.49,-16.29,a,,,,
sav-4902-bc1-unk,usgs,83,25.68,9.71,-15.64,a,,,,
sav-4902-bc1-unk,usgs,84,25.92,10.06,-15.24,a,,,,
sav-4902-bc1-unk,usgs,85,26.26,8.48,-15.74,a,,,,
sav-4902-bc1-unk,usgs,86,26.79,7.62,-16.3,a,,,,
sav-4902-bc1-unk,usgs,87,27.48,7.9,-16.06,a,,,,
sav-4902-bc1-unk,usgs,88,28.19,8.04,-16,a,,,,
sav-4902-bc1-unk,usgs,89,28.38,8.47,-16.32,a,,,,
sav-4902-bc1-unk,usgs,90,28.58,8.99,-16.26,a,,,,
sav-4902-bc1-unk,usgs,91,28.73,9.08,-16.17,a,,,,
sav-4902-bc1-unk,usgs,92,29.05,8.35,-15.87,a,,,,
sav-4902-bc1-unk,usgs,93,29.45,8.73,-16.33,a,,,,
sav-4902-bc1-unk,usgs,94,29.65,9.35,-16.11,a,,,,
sav-4902-bc1-unk,usgs,95,29.77,9.29,-15.99,a,,,,
sav-4902-bc1-unk,usgs,96,30.08,9.03,-15.68,a,,,,
sav-4902-bc1-unk,usgs,97,30.29,8.88,-15.95,a,,,,
sav-4902-bc1-unk,usgs,98,30.65,8.92,-16.19,a,,,,
sav-4902-bc1-unk,usgs,99,30.82,8.97,-16.09,a,,,,
sav-4902-bc1-unk,usgs,101,31.57,9.28,-16.32,a,,,,
sav-4902-bc1-unk,usgs,102,31.72,8.5,-16.28,a,,,,
sav-4902-bc1-unk,usgs,103,31.82,8.47,-16.64,a,,,,
sav-4902-bc1-unk,usgs,104,32.4,8.59,-16,a,,,,
sav-4902-bc1-unk,usgs,105,32.9,8.78,-15.93,a,,,,
sav-4902-bc1-unk,usgs,106,33.11,8.15,-16.61,a,,,,
sav-4902-bc1-unk,usgs,107,33.33,8.1,-16.43,a,,,,
sav-4902-bc1-unk,usgs,108,33.46,8.61,-16.45,a,,,,
sav-4902-bc1-unk,usgs,109,33.86,8.43,-16.27,a,,,,
sav-4902-bc1-unk,usgs,110,34.01,7.87,-16.71,a,,,,
sav-4902-bc1-unk,usgs,111,34.36,8.4,-16.31,a,,,,
sav-4902-bc1-unk,usgs,112,34.63,8.1,-16.45,a,,,,
sav-4902-bc1-unk,usgs,113,34.95,9.17,-16.4,a,,,,
sav-4902-bc1-unk,usgs,114,35,8.71,-16.71,a,,,,
sav-4902-bc1-unk,usgs,115,35.33,8.62,-16.27,a,,,,
sav-4902-bc1-unk,usgs,116,35.49,8.39,-16.32,a,,,,
sav-4902-bc1-unk,usgs,117,35.62,8.36,-16.45,a,,,,
sav-4902-bc1-unk,usgs,118,35.74,9.11,-15.85,a,,,,
sav-4902-bc1-unk,usgs,119,36.27,7.79,-15.86,a,,,,
sav-4902-bc1-unk,usgs,120,36.65,8.02,-16.32,a,,,,
sav-4902-bc1-unk,usgs,121,36.81,7.94,-15.9,a,,,,
sav-4902-bc1-unk,usgs,122,36.93,7.44,-15.87,a,,,,
sav-4902-bc1-unk,usgs,123,37.12,8.75,-15.48,a,,,,
sav-4902-bc1-unk,usgs,124,37.6,8.21,-15.83,a,,,,
sav-4902-bc1-unk,usgs,125,37.71,8.49,-15.62,a,,,,
sav-4902-bc1-unk,usgs,126,38.8,8.97,-15.3,a,,,,
sav-4902-bc1-unk,usgs,127,38.93,8.93,-16.13,a,,,,
sav-4902-bc1-unk,usgs,128,39.34,8.45,-17.45,a,,,,
sav-4902-bc1-unk,usgs,129,39.78,8.24,-16.77,a,,,,
sav-4902-bc1-unk,usgs,130,39.89,8.22,-16.23,a,,,,
sav-4902-bc1-unk,usgs,131,40.08,8.77,-16.7,a,,,,
sav-4902-bc1-unk,usgs,132,40.4,9.21,-16.25,a,,,,
sav-4902-bc1-unk,usgs,133,40.68,9.32,-16.84,a,,,,
sav-4902-bc1-unk,usgs,134,40.89,9.32,-16.92,a,,,,
sav-4902-bc1-unk,usgs,135,41.19,8.98,-17.5,a,,,,
sav-4902-bc1-unk,usgs,136,41.59,8.74,-17.31,a,,,,
sav-4902-bc1-unk,usgs,137,42.17,9.33,,a,,,,
sav-4902-bc1-unk,usgs,138,42.49,8.78,-17.75,a,,,,
sav-4902-bc1-unk,usgs,139,43.1,8.97,-16.8,a,,,,
sav-4902-bc1-unk,usgs,140,43.32,8.66,-16.02,a,,,,
sav-4902-bc1-unk,usgs,141,43.65,7.98,-16.3,a,,,,
sav-4902-bc1-unk,usgs,142,43.88,8.18,-17.5,a,,,,
sav-4902-bc1-unk,usgs,143,44.04,7.6,-17.86,a,,,,
sav-4902-bc1-unk,usgs,144,44.45,7.48,-18.76,a,,,,
sav-4902-bc1-unk,usgs,145,44.92,8.52,-17.44,a,,,,
jack-4684-bc-unk,usgs,31,1.83,9.51,-24.88,a,,,,
jack-4684-bc-unk,usgs,33,1.95,9.09,-18.59,a,,,,
jack-4684-bc-unk,usgs,34,2.01,8.09,-17.02,a,,,,
jack-4684-bc-unk,usgs,35,2.07,9.65,-15.66,a,,,,
jack-4684-bc-unk,usgs,36,2.12,8.99,-17.03,a,,,,
jack-4684-bc-unk,usgs,37,2.18,9.05,-17.83,a,,,,
jack-4684-bc-unk,usgs,38,2.24,9.24,-17.45,a,,,,
jack-4684-bc-unk,usgs,39,2.3,9.03,-17.57,a,,,,
jack-4684-bc-unk,usgs,40,2.36,8.2,-16.24,a,,,,
jack-4684-bc-unk,usgs,41,2.42,8.31,-18.2,a,,,,
jack-4684-bc-unk,usgs,42,2.48,8.04,-17.58,a,,,,
jack-4684-bc-unk,usgs,43,2.54,8.14,-18.94,a,,,,
jack-4684-bc-unk,usgs,44,2.6,8.52,-24.53,a,,,,
jack-4684-bc-unk,usgs,45,2.66,8.11,-2.9,a,,,,
jack-4684-bc-unk,usgs,46,2.71,9.35,-13.53,a,,,,
jack-4684-bc-unk,usgs,47,2.77,8.18,-3.58,a,,,,
jack-4684-bc-unk,usgs,49,2.89,8.13,-17.84,a,,,,
jack-4684-bc-unk,usgs,51,3.01,8.27,-17.53,a,,,,
jack-4684-bc-unk,usgs,52,3.07,8.44,-1.6,a,,,,
jack-4684-bc-unk,usgs,53,3.13,8.34,-18.29,a,,,,
jack-4684-bc-unk,usgs,55,3.25,8.27,-17.8,a,,,,
jack-4684-bc-unk,usgs,56,3.3,8.07,-16.85,a,,,,
jack-4684-bc-unk,usgs,57,3.36,8.58,-16.08,a,,,,
jack-4684-bc-unk,usgs,59,3.48,8.2,-15.99,a,,,,
jack-4684-bc-unk,usgs,61,3.6,7.96,-16.2,a,,,,
jack-4684-bc-unk,usgs,62,3.66,7.65,-16.58,a,,,,
jack-4684-bc-unk,usgs,63,3.72,7.74,-16.46,a,,,,
jack-4684-bc-unk,usgs,64,3.78,7.49,-16.59,a,,,,
jack-4684-bc-unk,usgs,65,3.84,7.56,-16.6,a,,,,
jack-4684-bc-unk,usgs,66,3.89,8.21,-16.35,a,,,,
jack-4684-bc-unk,usgs,67,3.95,8.24,-16.38,a,,,,
jack-4684-bc-unk,usgs,68,4.01,7.79,-16.1,a,,,,
jack-4684-bc-unk,usgs,69,4.07,8.78,-16.02,a,,,,
jack-4684-bc-unk,usgs,70,4.13,8.17,-16.32,a,,,,
jack-4684-bc-unk,usgs,71,4.19,8.2,-16.33,a,,,,
jack-4684-bc-unk,usgs,72,4.25,7.87,-16.54,a,,,,
jack-4684-bc-unk,usgs,73,4.31,7.98,-16.43,a,,,,
jack-4684-bc-unk,usgs,74,4.37,7.97,-16.47,a,,,,
jack-4684-bc-unk,usgs,75,4.43,7.84,-16.46,a,,,,
jack-4684-bc-unk,usgs,76,4.48,8.24,-16.34,a,,,,
jack-4684-bc-unk,usgs,77,4.54,7.96,-15.97,a,,,,
jack-4684-bc-unk,usgs,78,4.6,7.66,-16.4,a,,,,
jack-4684-bc-unk,usgs,79,4.66,8.43,-16.26,a,,,,
jack-4684-bc-unk,usgs,80,4.72,8.41,-16.21,a,,,,
jack-4684-bc-unk,usgs,81,4.78,7.41,-16.44,a,,,,
jack-4684-bc-unk,usgs,82,4.84,7.73,-16.33,a,,,,
jack-4684-bc-unk,usgs,83,4.9,7.8,-16.16,a,,,,
jack-4684-bc-unk,usgs,84,4.96,7.55,-16.11,a,,,,
jack-4684-bc-unk,usgs,85,5.02,8.02,-16.32,a,,,,
jack-4684-bc-unk,usgs,86,5.07,8.05,-16.29,a,,,,
jack-4684-bc-unk,usgs,87,5.13,7.89,-16.37,a,,,,
jack-4684-bc-unk,usgs,88,5.19,8.04,-16.59,a,,,,
jack-4684-bc-unk,usgs,89,5.25,7.93,-16.22,a,,,,
jack-4684-bc-unk,usgs,91,5.37,8.07,-16.39,a,,,,
jack-4684-bc-unk,usgs,93,5.49,7.82,-16.03,a,,,,
jack-4684-bc-unk,usgs,94,5.55,7.87,-16.24,a,,,,
jack-4684-bc-unk,usgs,95,5.61,8.6,-15.81,a,,,,
jack-4684-bc-unk,usgs,96,5.66,7.74,-16.06,a,,,,
jack-4684-bc-unk,usgs,97,5.72,7.71,-16.14,a,,,,
jack-4684-bc-unk,usgs,98,5.78,8.08,-15.76,a,,,,
jack-4684-bc-unk,usgs,99,5.84,7.75,-16.17,a,,,,
jack-4684-bc-unk,usgs,100,5.9,8.04,-16.04,a,,,,
jack-4684-bc-unk,usgs,101,5.96,7.84,-16.22,a,,,,
jack-4684-bc-unk,usgs,102,6.02,7.92,-16.21,a,,,,
jack-4684-bc-unk,usgs,103,6.08,7.87,-16.23,a,,,,
jack-4684-bc-unk,usgs,104,6.14,8.15,-16.16,a,,,,
jack-4684-bc-unk,usgs,105,6.2,8.78,-15.85,a,,,,
jack-4684-bc-unk,usgs,106,6.25,8.11,-16.77,a,,,,
jack-4684-bc-unk,usgs,107,6.31,8.07,-15.8,a,,,,
jack-4684-bc-unk,usgs,108,6.37,8.51,-15.8,a,,,,
jack-4684-bc-unk,usgs,109,6.43,8.06,-16.05,a,,,,
jack-4684-bc-unk,usgs,111,6.55,7.39,-15.78,a,,,,
jack-4684-bc-unk,usgs,112,6.61,7.63,-15.95,a,,,,
jack-4684-bc-unk,usgs,113,6.67,7.66,-16.04,a,,,,
jack-4684-bc-unk,usgs,114,6.73,7.72,-15.7,a,,,,
jack-4684-bc-unk,usgs,115,6.79,7.76,-15.8,a,,,,
jack-4684-bc-unk,usgs,116,6.84,8.11,-15.71,a,,,,
jack-4684-bc-unk,usgs,117,6.9,8.41,-15.71,a,,,,
jack-4684-bc-unk,usgs,118,6.96,8.34,-15.61,a,,,,
jack-4684-bc-unk,usgs,119,7.02,8.16,-15.98,a,,,,
jack-4684-bc-unk,usgs,120,7.08,7.99,-16,a,,,,
jack-4684-bc-unk,usgs,121,7.14,7.63,-16.37,a,,,,
jack-4684-bc-unk,usgs,122,7.2,7.98,-15.92,a,,,,
jack-4684-bc-unk,usgs,123,7.26,7.89,-14.37,a,,,,
jack-4684-bc-unk,usgs,124,7.32,8.27,-15.32,a,,,,
jack-4684-bc-unk,usgs,125,7.38,8.11,-15.37,a,,,,
jack-4684-bc-unk,usgs,126,7.43,8.48,-15.35,a,,,,
jack-4684-bc-unk,usgs,127,7.49,8.11,-15.93,a,,,,
jack-4684-bc-unk,usgs,128,7.55,8.18,-15.46,a,,,,
jack-4684-bc-unk,usgs,129,7.61,7.94,-15.45,a,,,,
jack-4684-bc-unk,usgs,130,7.67,8.29,-15.52,a,,,,
jack-4684-bc-unk,usgs,131,7.73,8.45,-15.32,a,,,,
jack-4684-bc-unk,usgs,132,7.79,8.22,-15.5,a,,,,
jack-4684-bc-unk,usgs,133,7.85,7.87,-14.59,a,,,,
jack-4684-bc-unk,usgs,134,7.91,8.27,-15.19,a,,,,
jack-4684-bc-unk,usgs,135,7.97,8.36,-15.98,a,,,,
jack-4684-bc-unk,usgs,136,8.02,8.35,-15.69,a,,,,
jack-4684-bc-unk,usgs,137,8.08,8.14,-15.47,a,,,,
jack-4684-bc-unk,usgs,138,8.14,7.76,-15.47,a,,,,
jack-4684-bc-unk,usgs,139,8.2,8.64,-15.02,a,,,,
jack-4684-bc-unk,usgs,141,8.32,8.04,-14.64,a,,,,
jack-4684-bc-unk,usgs,142,8.38,8.3,-14.98,a,,,,
jack-4684-bc-unk,usgs,143,8.44,7.57,-15.35,a,,,,
jack-4684-bc-unk,usgs,144,8.5,8.05,-16.16,a,,,,
jack-4684-bc-unk,usgs,145,8.56,7.44,-15.75,a,,,,
jack-4684-bc-unk,usgs,146,8.61,7.88,-15.61,a,,,,
jack-4684-bc-unk,usgs,147,8.67,7.86,-15.38,a,,,,
jack-4684-bc-unk,usgs,148,8.73,7.62,-16.17,a,,,,
jack-4684-bc-unk,usgs,150,8.85,7.46,-15.78,a,,,,
jack-4684-bc-unk,usgs,151,8.91,7.68,-15.51,a,,,,
jack-4684-bc-unk,usgs,152,8.97,7.91,-15.36,a,,,,
jack-4684-bc-unk,usgs,153,9.03,7.42,-15.53,a,,,,
jack-4684-bc-unk,usgs,154,9.09,7.57,-15.59,a,,,,
jack-4684-bc-unk,usgs,155,9.15,7.85,-15.86,a,,,,
jack-4684-bc-unk,usgs,157,9.26,7.7,-15.43,a,,,,
jack-4684-bc-unk,usgs,158,9.32,9.05,-15.31,a,,,,
jack-4684-bc-unk,usgs,159,9.38,7.58,-15.69,a,,,,
jack-4684-bc-unk,usgs,160,9.44,8.16,-15.55,a,,,,
jack-4684-bc-unk,usgs,161,9.5,8.47,-15.34,a,,,,
jack-4684-bc-unk,usgs,162,9.56,8.19,-15.09,a,,,,
jack-4684-bc-unk,usgs,163,9.62,8.27,-15.37,a,,,,
jack-4684-bc-unk,usgs,164,9.68,8.62,-15.02,a,,,,
jack-4684-bc-unk,usgs,166,9.79,8.18,-15.18,a,,,,
jack-4684-bc-unk,usgs,167,9.85,8.06,-15.29,a,,,,
jack-4684-bc-unk,usgs,168,9.91,8.43,-14.43,a,,,,
jack-4684-bc-unk,usgs,169,9.97,8.11,-13.41,a,,,,
jack-4684-bc-unk,usgs,170,10.03,8.34,-15.01,a,,,,
jack-4684-bc-unk,usgs,171,10.09,8.2,-15.58,a,,,,
jack-4684-bc-unk,usgs,172,10.15,7.46,-15.7,a,,,,
jack-4684-bc-unk,usgs,173,10.21,7.91,-16.21,a,,,,
jack-4907-bam1-d1,john,1,0.17,9.27,-16.78,a,,,,delta v plus
jack-4907-bam1-d1,john,2,0.34,9,-16.2,a,,,,delta v plus
jack-4907-bam1-d1,john,3,0.51,9.69,-16.25,a,,,,delta v plus
jack-4907-bam1-d1,john,4,0.68,9.16,-16.15,a,,,,delta v plus
jack-4907-bam1-d1,john,5,0.85,9.48,-16.12,a,,,,delta v plus
jack-4907-bam1-d1,john,6,1.02,8.86,-15.97,a,,,,delta v plus
jack-4907-bam1-d1,john,7,1.19,9.2,-16.12,a,,,,delta v plus
jack-4907-bam1-d1,john,8,1.36,9.16,-15.92,a,,,,delta v plus
jack-4907-bam1-d1,john,9,1.53,9.5,-15.63,a,,,,delta v plus
jack-4907-bam1-d1,john,10,1.7,8.7,-15.99,a,,,,delta v plus
jack-4907-bam1-d1,john,11,1.87,8.44,-15.48,a,,,,delta v plus
jack-4907-bam1-d1,john,12,2.04,9.23,-16.1,a,,,,delta v plus
jack-4907-bam1-d1,john,13,2.21,8.74,-16.03,a,,,,delta v plus
jack-4907-bam1-d1,john,14,2.38,8.73,-15.67,a,,,,delta v plus
jack-4907-bam1-d1,john,15,2.55,9.08,-15.54,a,,,,delta v plus
jack-4907-bam1-d1,john,16,2.72,8.54,-15.94,a,,,,delta v plus
jack-4907-bam1-d1,john,17,2.89,8.74,-15.91,a,,,,delta v plus
jack-4907-bam1-d1,john,18,3.06,9.22,-15.78,a,,,,delta v plus
jack-4907-bam1-d1,john,19,3.23,9.6,-15.18,a,,,,delta v plus
jack-4907-bam1-d1,john,20,3.4,8.48,-15.62,a,,,,delta v plus
jack-4907-bam1-d1,john,21,3.57,8.15,-15.85,a,,,,delta v plus
jack-4907-bam1-d1,john,22,3.74,9.19,-15.9,a,,,,delta v plus
jack-4907-bam1-d1,john,23,3.91,9.08,-15.83,a,,,,delta v plus
jack-4907-bam1-d1,john,24,4.08,9.31,-15.68,a,,,,delta v plus
jack-4907-bam1-d1,john,25,4.25,9.19,-15.69,a,,,,delta v plus
jack-4907-bam1-d1,john,26,4.42,9.12,-15.96,a,,,,delta v plus
jack-4907-bam1-d1,john,27,4.59,9.45,-16.04,a,,,,delta v plus
jack-4907-bam1-d1,john,28,4.76,9.07,-15.92,a,,,,delta v plus
jack-4907-bam1-d1,john,29,4.93,8.74,-15.75,a,,,,delta v plus
jack-4907-bam1-d1,john,30,5.1,9.79,-16.44,a,,,,delta v plus
jack-4907-bam1-d1,john,31,5.27,10.35,-15.76,a,,,,delta v plus
jack-4907-bam1-d1,john,1,0.17,9.13,-16.29,b,0.138885614,0.406162918,2.90,delta v plus
jack-4907-bam1-d1,john,2,0.34,8.78,-15.77,b,0.149609142,0.429266189,2.90,delta v plus
jack-4907-bam1-d1,john,3,0.51,8.72,-15.8,b,0.153378282,0.438047525,2.90,delta v plus
jack-4907-bam1-d1,john,4,0.68,8.41,-15.83,b,0.150998222,0.435432831,2.90,delta v plus
jack-4907-bam1-d1,john,5,0.85,8.81,-16.4,b,0.148364532,0.431873789,2.90,delta v plus
jack-4907-bam1-d1,john,6,1.02,8.41,-15.39,b,0.149079095,0.430886405,2.90,delta v plus
jack-4907-bam1-d1,john,7,1.19,7.99,-15.39,b,0.150603954,0.440388149,2.90,delta v plus
jack-4907-bam1-d1,john,8,1.36,7.93,-15.96,b,0.149861324,0.436185386,2.90,delta v plus
jack-4907-bam1-d1,john,9,1.53,8.29,-15.45,b,0.148637097,0.437609823,2.90,delta v plus
jack-4907-bam1-d1,john,10,1.7,7.47,-15.05,b,0.148233074,0.435252262,2.90,delta v plus
jack-4907-bam1-d1,john,11,1.87,7.74,-15.57,b,0.149493224,0.435634213,2.90,delta v plus
jack-4907-bam1-d1,john,12,2.04,8.26,-15.25,b,0.151871496,0.446435353,2.90,delta v plus
jack-4907-bam1-d1,john,13,2.21,7.78,-15.66,b,0.144584528,0.422460234,2.90,delta v plus
jack-4907-bam1-d1,john,14,2.38,8.09,-15.41,b,0.144475402,0.423911582,2.90,delta v plus
jack-4907-bam1-d1,john,15,2.55,7.65,-15.53,b,0.146382534,0.430448444,2.90,delta v plus
jack-4907-bam1-d1,john,16,2.72,7.99,-15.66,b,0.14164487,0.417695724,2.90,delta v plus
jack-4907-bam1-d1,john,17,2.89,8.49,-16.08,b,0.092981847,0.264647969,2.80,delta v plus
jack-4907-bam1-d1,john,18,3.06,9.15,-15.08,b,0.139422261,0.395103204,2.80,delta v plus
jack-4907-bam1-d1,john,19,3.23,8.77,-15.69,b,0.148977623,0.409601986,2.70,delta v plus
jack-4907-bam1-d1,john,20,3.4,8.9,-15.22,b,0.137821289,0.403226235,2.90,delta v plus
jack-4907-bam1-d1,john,21,3.57,8.81,-15.77,b,0.133865508,0.398482007,3.00,delta v plus
jack-4907-bam1-d1,john,22,3.74,9.37,-15.54,b,0.138769515,0.404087636,2.90,delta v plus
jack-4907-bam1-d1,john,23,3.91,9.27,-15.43,b,0.13787529,0.40801947,3.00,delta v plus
jack-4907-bam1-d1,john,24,4.08,9.29,-15.89,b,0.132693514,0.402400709,3.00,delta v plus
jack-4907-bam1-d1,john,25,4.25,9.41,-14.94,b,0.131946328,0.406569141,3.10,delta v plus
jack-4907-bam1-d1,john,26,4.42,8.9,-15.69,b,0.141167692,0.412992202,2.90,delta v plus
jack-4907-bam1-d1,john,27,4.59,9.25,-15.6,b,0.140570436,0.419034976,3.00,delta v plus
jack-4907-bam1-d1,john,28,4.76,9,-16.19,b,0.136846715,0.397060553,2.90,delta v plus
jack-4907-bam1-d1,john,29,4.93,9.08,-15.72,b,0.127512216,0.413783071,3.20,delta v plus
jack-4907-bam1-d1,john,30,5.1,9.68,-16.4,b,0.131327565,0.409620871,3.10,delta v plus
jack-4686-bc-d1-t1,john,1,0.095,9.51,-17.35,,0.137987333,0.41590135,3.00,delta v plus
jack-4686-bc-d1-t1,john,2,0.19,9.75,-16.72,,0.151075949,0.409461161,2.70,delta v plus
jack-4686-bc-d1-t1,john,3,0.285,10.18,-16.52,,0.151062737,0.408442068,2.70,delta v plus
jack-4686-bc-d1-t1,john,4,0.38,10.2,-16.47,,0.152245587,0.420868816,2.80,delta v plus
jack-4686-bc-d1-t1,john,5,0.475,10.02,-15.82,,0.140543573,0.412610155,2.90,delta v plus
jack-4686-bc-d1-t1,john,6,0.57,10.11,-15.99,,0.145958727,0.410572027,2.80,delta v plus
jack-4686-bc-d1-t1,john,7,0.665,9.93,-16.02,,0.142014084,0.405623649,2.90,delta v plus
jack-4686-bc-d1-t1,john,8,0.76,9.42,-15.88,,0.135887157,0.38970938,2.90,delta v plus
jack-4686-bc-d1-t1,john,9,0.855,8.8,-15.56,,0.129640159,0.396380594,3.10,delta v plus
jack-4686-bc-d1-t1,john,10,0.95,9.03,-15.77,,0.146207139,0.415918626,2.80,delta v plus
jack-4686-bc-d1-t1,john,11,1.045,8.64,-15.66,,0.143807482,0.401902648,2.80,delta v plus
jack-4686-bc-d1-t1,john,12,1.14,8.59,-15.82,,0.144895703,0.413427778,2.90,delta v plus
jack-4686-bc-d1-t1,john,13,1.235,8.57,-15.46,,0.144522305,0.415054661,2.90,delta v plus
jack-4686-bc-d1-t1,john,14,1.33,8.48,-15.68,,0.139227101,0.401350396,2.90,delta v plus
jack-4686-bc-d1-t1,john,15,1.425,8.51,-15.31,,0.145742905,0.413935305,2.80,delta v plus
jack-4686-bc-d1-t1,john,16,1.52,9.32,-15.66,,0.149867921,0.415397448,2.80,delta v plus
jack-4686-bc-d1-t1,john,17,1.615,8.8,-16.35,,0.136848087,0.426880467,3.10,delta v plus
jack-4686-bc-d1-t1,john,18,1.71,9.22,-15.63,,0.142244346,0.403055047,2.80,delta v plus
jack-4686-bc-d1-t1,john,19,1.805,8.83,-15.28,,0.141882198,0.408562663,2.90,delta v plus
jack-4686-bc-d1-t1,john,20,1.9,8.46,-14.37,,0.137140083,0.385771589,2.80,delta v plus
jack-4686-bc-d1-t1,john,21,1.995,8.41,-15.04,,0.139401533,0.396619228,2.80,delta v plus
jack-4686-bc-d1-t1,john,22,2.09,8.44,-15.25,,0.134190969,0.397959612,3.00,delta v plus
jack-4686-bc-d1-t1,john,23,2.185,8.56,-15.33,,0.147805001,0.40727634,2.80,delta v plus
jack-4686-bc-d1-t1,john,24,2.28,9.03,-15.26,,0.138228976,0.393069637,2.80,delta v plus
jack-4686-bc-d1-t1,john,25,2.375,8.78,-15.28,,0.148632978,0.399570854,2.70,delta v plus
jack-4686-bc-d1-t1,john,26,2.47,8.65,-15.45,,0.145602341,0.400032489,2.70,delta v plus
jack-4686-bc-d1-t1,john,27,2.565,8.18,-15.76,,0.124844597,0.401782547,3.20,delta v plus
jack-4686-bc-d1-t1,john,28,2.66,8.87,-15.58,,0.144960318,0.410071965,2.80,delta v plus
jack-4686-bc-d1-t1,john,29,2.755,8.97,-15.1,,0.145188268,0.405506953,2.80,delta v plus
jack-4686-bc-d1-t1,john,30,2.85,8.65,-15.13,,0.152043673,0.411080562,2.70,delta v plus
jack-4686-bc-d1-t1,john,31,2.945,8.23,-15.32,,0.140980525,0.394483957,2.80,delta v plus
jack-4686-bc-d1-t1,john,32,3.04,,,,,,,
jack-4686-bc-d1-t1,john,33,3.135,,,,,,,
jack-4686-bc-d1-t1,john,34,3.23,7.84,-15.92,,0.140214774,0.406577236,2.90,
jack-4686-bc-d1-t1,john,35,3.325,7.34,-12,,0.144533071,0.475053789,3.30,
jack-4686-bc-d1-t1,john,36,3.42,7.99,-15.53,,0.14630041,0.404744316,2.80,
jack-4686-bc-d1-t1,john,37,3.515,7.88,-15.54,,0.143325093,0.400651344,2.80,
jack-4686-bc-d1-t1,john,38,3.61,8.05,-15.73,,0.146958789,0.413514232,2.80,
jack-4686-bc-d1-t1,john,39,3.705,7.56,-16.22,,0.137145195,0.439941824,3.20,
jack-4686-bc-d1-t1,john,40,3.8,7.44,-18.51,,0.132528422,0.439369762,3.30,
jack-4686-bc-d1-t1,john,41,3.895,7.56,-17.19,,0.138711301,0.414521474,3.00,
jack-4686-bc-d1-t1,john,42,3.99,7.78,-16.26,,0.14054987,0.40623588,2.90,
jack-4686-bc-d1-t1,john,43,4.085,7.64,-16.08,,0.136974641,0.406707789,3.00,
jack-4686-bc-d1-t1,john,44,4.18,7.6,-15.97,,0.137585379,0.40739719,3.00,
jack-4686-bc-d1-t1,john,45,4.275,7.75,-15.96,,0.147336054,0.409697911,2.80,
jack-4686-bc-d1-t1,john,46,4.37,7.44,-16.37,,0.140314576,0.414451005,3.00,
jack-4686-bc-d1-t1,john,47,4.465,7.57,-15.96,,0.142832445,0.405506329,2.80,
jack-4686-bc-d1-t1,john,48,4.56,7.28,-16.43,,0.140773334,0.421262407,3.00,
jack-4686-bc-d1-t1,john,49,4.655,7.44,-16.59,,0.135050436,0.40968134,3.00,
jack-4686-bc-d1-t1,john,50,4.75,7.07,-17.61,,0.146558325,0.438940916,3.00,
jack-4907-bc1-d3-mill,john,1,0.09,8.26,-16.45,,0.139284189,0.408671243,,
jack-4907-bc1-d3-mill,john,2,0.18,8.09,-16.56,,0.137578218,0.407317238,,
jack-4907-bc1-d3-mill,john,3,0.27,,,,,,,
jack-4907-bc1-d3-mill,john,4,0.36,,,,,,,
jack-4907-bc1-d3-mill,john,5,0.45,,,,,,,
jack-4907-bc1-d3-mill,john,6,0.54,7.89,-16.27,,0.163310013,0.507038437,3.10,
jack-4907-bc1-d3-mill,john,7,0.63,8.65,-15.79,,0.151107503,0.431636581,2.90,
jack-4907-bc1-d3-mill,john,8,0.72,8.66,-17.25,,0.141109546,0.427236172,3.00,
jack-4907-bc1-d3-mill,john,9,0.81,8.66,-17.54,,0.139323563,0.433144578,3.10,
jack-4907-bc1-d3-mill,john,10,0.9,8.58,-17.36,,0.142426261,0.440724204,3.10,
jack-4907-bc1-d3-mill,john,11,0.99,8.66,-15.86,,0.151254917,0.428851277,2.80,
jack-4907-bc1-d3-mill,john,12,1.08,8.65,-15.41,,0.153958461,0.41399687,2.70,
jack-4907-bc1-d3-mill,john,13,1.17,8.72,-15.34,,0.154206351,0.417033366,2.70,
jack-4907-bc1-d3-mill,john,14,1.26,8.57,-15.28,,0.15583318,0.41332945,2.70,
jack-4907-bc1-d3-mill,john,15,1.35,8.37,-15.23,,0.157118585,0.415691383,2.60,
jack-4907-bc1-d3-mill,john,16,1.44,8.61,-15.34,,0.157436537,0.412668821,2.60,
jack-4907-bc1-d3-mill,john,17,1.53,8.73,-15.61,,0.156464543,0.425280757,2.70,
jack-4907-bc1-d3-mill,john,18,1.62,8.65,-17.45,,0.150023972,0.426416188,,
jack-4907-bc1-d3-mill,john,19,1.71,8.72,-17.56,,0.149528461,0.434219938,,
jack-4907-bc1-d3-mill,john,20,1.8,8.59,-17.71,,0.150495189,0.43816796,,
jack-4907-bc1-d3-mill,john,21,1.89,8.84,-16.55,,0.157087647,0.421610211,,
jack-4907-bc1-d3-mill,john,22,1.98,8.87,-15.95,,0.161873872,0.416230602,,
jack-4907-bc1-d3-mill,john,23,2.07,8.82,-15.79,,0.162595481,0.410590127,,
jack-4907-bc1-d3-mill,john,24,2.16,8.77,-15.7,,0.161458853,0.407212569,,
jack-4907-bc1-d3-mill,john,25,2.25,8.75,-14.96,,0.160907206,0.404930201,,
jack-4907-bc1-d3-mill,john,26,2.34,8.74,-15.41,,0.164392716,0.413774515,,
jack-4907-bc1-d3-mill,john,27,2.43,8.59,-15.45,,0.167413599,0.421748958,,
jack-4907-bc1-d3-mill,john,28,2.52,8.47,-15.36,,0.163352669,0.413402696,,
jack-4907-bc1-d3-mill,john,29,2.61,8.36,-15.52,,0.166869601,0.42593502,,
jack-4907-bc1-d3-mill,john,30,2.7,8.31,-15.76,,0.167437496,0.434984643,,
jack-4907-bc1-d3-mill,john,31,2.79,7.96,-15.67,,0.159871504,0.414258419,,
jack-4907-bc1-d3-mill,john,32,2.88,7.9,-15.75,,0.162875921,0.422914235,,
jack-4907-bc1-d3-mill,john,33,2.97,7.98,-17.57,,0.152648156,0.445164,,
jack-4907-bc1-d3-mill,john,34,3.06,7.36,-20.24,,0.133265236,0.48360768,,
jack-4907-bc1-d3-mill,john,35,3.15,7.39,-20.41,,0.131932788,0.482267537,,
jack-4907-bc1-d3-mill,john,36,3.24,7.08,-21.39,,0.12479145,0.500169559,,
jack-4907-bc1-d3-mill,john,37,3.33,7.28,-20.09,,0.132453422,0.469410743,,
jack-4907-bc1-d3-mill,john,38,3.42,7.17,-19.05,,0.138921102,0.459562807,,
jack-4907-bc1-d3-mill,john,39,3.51,7.31,-18.47,,0.143464276,0.451612051,,
jack-4907-bc1-d3-mill,john,40,3.6,7.9,-16.82,,0.15548452,0.43302936,,
jack-4907-bc1-d3-mill,john,41,3.69,8.08,-16.22,,0.156970314,0.425611888,,
jack-4907-bc1-d3-mill,john,42,3.78,7.96,-15.77,,0.158198417,0.430064207,,
jack-4907-bc1-d3-mill,john,43,3.87,8.12,-15.11,,0.157891042,0.423273338,,
jack-4907-bc1-d3-mill,john,44,3.96,8.06,-15.45,,0.158675781,0.41845326,,
jack-4907-bc1-d3-mill,john,45,4.05,8.04,-15.49,,0.159183433,0.416251263,,
jack-4907-bc1-d3-mill,john,46,4.14,8.08,-14.83,,0.157745169,0.40903723,,
jack-4907-bc1-d3-mill,john,47,4.23,8.3,-15.24,,0.163533357,0.42899091,,
jack-4907-bc1-d3-mill,john,48,4.32,8.42,-15.51,,0.163980735,0.435416699,,
jack-4907-bc1-d3-mill,john,49,4.41,8.26,-15.34,,0.159320536,0.424913439,,
jack-4907-bc1-d3-mill,john,50,4.5,8,-15.62,,0.161654917,0.434610797,,
jack-4907-bc1-d3-mill,john,51,4.59,7.6,-17.73,,0.150621724,0.456574714,,
jack-4907-bc1-d3-mill,john,52,4.68,7.68,-16.23,,0.157259997,0.42726938,,
jack-4907-bc1-d3-mill,john,53,4.77,7.54,-15.98,,0.159220601,0.427510487,,
jack-4907-bc1-d3-mill,john,54,4.86,7.47,-15.74,,0.157919292,0.426462212,,
jack-4907-bc1-d3-mill,john,55,4.95,7.65,-15.64,,0.161577494,0.435056011,,
jack-4907-bc1-d3-mill,john,56,5.04,7.53,-15.61,,0.155291689,0.423608034,,
jack-4907-bc1-d3-mill,john,57,5.13,7.65,-15.53,,0.159882756,0.436734631,,
jack-4907-bc1-d3-mill,john,58,5.22,7.55,-15.8,,0.158537168,0.438298139,,
jack-4907-bc1-d3-mill,john,59,5.31,7.26,-17.64,,0.147424866,0.458195489,,
jack-4907-bc1-d3-mill,john,60,5.4,7.91,-18.69,,0.153016637,0.466069174,,
jack-4907-bc1-d3-mill,john,61,5.49,7.62,-19.69,,0.147553053,0.476965991,,
jack-4907-bc1-d3-mill,john,62,5.58,7.12,-21.31,,0.138292091,0.516548099,,
jack-4907-bc1-d3-mill,john,63,5.67,6.77,-22.05,,0.113370398,0.510795178,,
jack-4907-bc1-d3-mill,john,64,5.76,7.53,-19.92,,0.130419411,0.490040532,,
jack-4907-bc1-d3-mill,john,65,5.85,8.06,-17.21,,0.146212568,0.45269663,,
jack-4907-bc1-d3-mill,john,66,5.94,7.63,-18.5,,0.141452705,0.438400608,,
jack-4907-bc1-d3-mill,john,67,6.03,7.63,-17.15,,0.152803712,0.447084183,,
jack-4907-bc1-d3-mill,john,68,6.12,7.72,-17.07,,0.151023265,0.436168424,,
jack-4907-bc1-d3-mill,john,69,6.21,7.95,-16.82,,0.149895649,0.437651985,,
jack-4907-bc1-d3-mill,john,70,6.3,7.93,-15.92,,0.154632127,0.4403949,,
jack-4907-bc1-d3-mill,john,71,6.39,7.88,-15.78,,0.155563294,0.43777738,,
jack-4907-bc1-d3-mill,john,72,6.48,8.01,-15.6,,0.153556323,0.428860056,,
jack-4907-bc1-d3-mill,john,73,6.57,8.07,-15.89,,0.15768662,0.436061983,,
jack-4907-bc1-d3-mill,john,74,6.66,7.88,-16.81,,0.150950692,0.480149344,,
jack-4907-bc1-d3-mill,john,75,6.75,7.84,-16.17,,0.145990287,0.424250667,,
jack-4907-bc1-d3-mill,john,76,6.84,7.67,-15.85,,0.142421936,0.409866947,,
jack-4907-bc1-d3-mill,john,77,6.93,7.56,-16.21,,0.140826955,0.41162244,,
jack-4907-bc1-d3-mill,john,78,7.02,7.65,-15.58,,0.146942141,0.415940969,,
jack-4907-bc1-d3-mill,john,79,7.11,7.98,-15.48,,0.15259145,0.428352777,,
jack-4907-bc1-d3-mill,john,80,7.2,8.17,-15.32,,0.153222268,0.436556171,,
